;id;label_alien;label_threatened;Label_Natura2000;kingdom;gbifkey;occupancy;alien;Natura2000;RedList;Threatened
455;Felis silvestris;;Felis silvestris;Felis silvestris;Animalia;7964291;9;FALSE;TRUE;TRUE;TRUE
685;Martes martes;;Martes martes;Martes martes;Animalia;5218878;8;FALSE;TRUE;TRUE;TRUE
728;Mustela putorius;;Mustela putorius;Mustela putorius;Animalia;5218911;61;FALSE;TRUE;TRUE;TRUE
1024;Salmo salar;;Salmo salar;Salmo salar;Animalia;7595433;9;FALSE;TRUE;TRUE;TRUE
218;Canis lupus;;;Canis lupus;Animalia;5219173;14;FALSE;TRUE;TRUE;FALSE
441;Euphydryas aurinia;;;Euphydryas aurinia;Animalia;4535809;16;FALSE;TRUE;TRUE;FALSE
736;Myotis daubentonii;;;Myotis daubentonii;Animalia;2432439;6;FALSE;TRUE;TRUE;FALSE
737;Myotis nattereri;;;Myotis nattereri;Animalia;2432389;9;FALSE;TRUE;TRUE;FALSE
889;Pipistrellus pipistrellus;;;Pipistrellus pipistrellus;Animalia;5218465;14;FALSE;TRUE;TRUE;FALSE
903;Plecotus auritus;;;Plecotus auritus;Animalia;5218507;6;FALSE;TRUE;TRUE;FALSE
1;Abies alba;Abies alba;;;Plantae;2685484;62;TRUE;FALSE;FALSE;FALSE
3;Acanthus mollis;Acanthus mollis;;;Plantae;5415455;14;TRUE;FALSE;FALSE;FALSE
11;Acridotheres tristis;Acridotheres tristis;;;Animalia;2489005;10;TRUE;FALSE;TRUE;FALSE
20;Aesculus hippocastanum;Aesculus hippocastanum;;;Plantae;3189815;1857;TRUE;FALSE;FALSE;FALSE
31;Ailanthus altissima;Ailanthus altissima;;;Plantae;3190653;576;TRUE;FALSE;FALSE;FALSE
33;Alcea rosea;Alcea rosea;;;Plantae;5406789;407;TRUE;FALSE;FALSE;FALSE
34;Alectoris rufa;Alectoris rufa;;;Animalia;2474051;109;TRUE;FALSE;FALSE;FALSE
38;Allium cepa;Allium cepa;;;Plantae;2857697;16;TRUE;FALSE;FALSE;FALSE
39;Allium schoenoprasum;Allium schoenoprasum;;;Plantae;2855860;256;TRUE;FALSE;FALSE;FALSE
44;Alnus incana;Alnus incana;;;Plantae;9148577;1529;TRUE;FALSE;FALSE;FALSE
51;Ambrosia artemisiifolia;Ambrosia artemisiifolia;;;Plantae;8002952;594;TRUE;FALSE;FALSE;FALSE
52;Ambrosia trifida;Ambrosia trifida;;;Plantae;3110588;14;TRUE;FALSE;FALSE;FALSE
53;Amorpha fruticosa;Amorpha fruticosa;;;Plantae;5357407;22;TRUE;FALSE;FALSE;FALSE
55;Anaphalis margaritacea;Anaphalis margaritacea;;;Plantae;4926336;12;TRUE;FALSE;FALSE;FALSE
96;Anemone coronaria;Anemone coronaria;;;Plantae;3033261;9;TRUE;FALSE;FALSE;FALSE
98;Anethum graveolens;Anethum graveolens;;;Plantae;3034646;85;TRUE;FALSE;FALSE;FALSE
102;Anoda cristata;Anoda cristata;;;Plantae;3152493;12;TRUE;FALSE;FALSE;FALSE
112;Antirrhinum majus;Antirrhinum majus;;;Plantae;3172001;275;TRUE;FALSE;FALSE;FALSE
128;Arctotheca calendula;Arctotheca calendula;;;Plantae;3114986;10;TRUE;FALSE;FALSE;FALSE
135;Armoracia rusticana;Armoracia rusticana;;;Plantae;3041022;483;TRUE;FALSE;FALSE;FALSE
138;Asclepias syriaca;Asclepias syriaca;;;Plantae;3170247;17;TRUE;FALSE;FALSE;FALSE
140;Aster ageratoides;Aster ageratoides;;;Plantae;5387639;6;TRUE;FALSE;FALSE;FALSE
146;Aubrieta deltoidea;Aubrieta deltoidea;;;Plantae;3054117;21;TRUE;FALSE;FALSE;FALSE
149;Aurinia saxatilis;Aurinia saxatilis;;;Plantae;5377778;26;TRUE;FALSE;FALSE;FALSE
151;Baccharis halimifolia;Baccharis halimifolia;;;Plantae;3129663;110;TRUE;FALSE;FALSE;FALSE
157;Berberis thunbergii;Berberis thunbergii;;;Plantae;3033896;70;TRUE;FALSE;FALSE;FALSE
158;Bergenia crassifolia;Bergenia crassifolia;;;Plantae;5567694;22;TRUE;FALSE;FALSE;FALSE
159;Berteroa incana;Berteroa incana;;;Plantae;3053522;901;TRUE;FALSE;FALSE;FALSE
163;Bidens frondosa;Bidens frondosa;;;Plantae;5392174;2247;TRUE;FALSE;FALSE;FALSE
164;Bidens pilosa;Bidens pilosa;;;Plantae;5391845;8;TRUE;FALSE;FALSE;FALSE
178;Borago officinalis;Borago officinalis;;;Plantae;2926110;712;TRUE;FALSE;FALSE;FALSE
182;Brassica juncea;Brassica juncea;;;Plantae;3042751;71;TRUE;FALSE;FALSE;FALSE
183;Brassica napus;Brassica napus;;;Plantae;3042636;1355;TRUE;FALSE;FALSE;FALSE
185;Brassica oleracea;Brassica oleracea;;;Plantae;3042845;202;TRUE;FALSE;FALSE;FALSE
186;Brassica rapa;Brassica rapa;;;Plantae;7903057;973;TRUE;FALSE;FALSE;FALSE
189;Buddleja davidii;Buddleja davidii;;;Plantae;3173338;3548;TRUE;FALSE;FALSE;FALSE
191;Buteo jamaicensis;Buteo jamaicensis;;;Animalia;2480542;9;TRUE;FALSE;FALSE;FALSE
196;Calendula officinalis;Calendula officinalis;;;Plantae;5391480;411;TRUE;FALSE;FALSE;FALSE
198;Callosciurus erythraeus;Callosciurus erythraeus;;;Animalia;2437394;9;TRUE;FALSE;TRUE;FALSE
208;Campanula latifolia;Campanula latifolia;;;Plantae;5411408;9;TRUE;FALSE;FALSE;FALSE
210;Campanula poscharskyana;Campanula poscharskyana;;;Plantae;5410151;120;TRUE;FALSE;FALSE;FALSE
221;Capsicum annuum;Capsicum annuum;;;Plantae;2932944;8;TRUE;FALSE;FALSE;FALSE
226;Carduus acanthoides;Carduus acanthoides;;;Plantae;3114643;105;TRUE;FALSE;FALSE;FALSE
229;Carduus pycnocephalus;Carduus pycnocephalus;;;Plantae;3114667;7;TRUE;FALSE;FALSE;FALSE
235;Castanea sativa;Castanea sativa;;;Plantae;5333294;3841;TRUE;FALSE;FALSE;FALSE
245;Centaurea stoebe;Centaurea stoebe;;;Plantae;3127727;9;TRUE;FALSE;FALSE;FALSE
247;Centranthus ruber;Centranthus ruber;;;Plantae;2888740;568;TRUE;FALSE;FALSE;FALSE
254;Chaenomeles japonica;Chaenomeles japonica;;;Plantae;3000610;78;TRUE;FALSE;FALSE;FALSE
264;Chondrilla juncea;Chondrilla juncea;;;Plantae;8537667;18;TRUE;FALSE;FALSE;FALSE
280;Citrullus lanatus;Citrullus lanatus;;;Plantae;2874621;20;TRUE;FALSE;FALSE;FALSE
282;Clethra alnifolia;Clethra alnifolia;;;Plantae;2888323;8;TRUE;FALSE;FALSE;FALSE
300;Columba livia;Columba livia;;;Animalia;2495414;5170;TRUE;FALSE;FALSE;FALSE
303;Colutea arborescens;Colutea arborescens;;;Plantae;7844167;126;TRUE;FALSE;FALSE;FALSE
309;Coreopsis lanceolata;Coreopsis lanceolata;;;Plantae;3133938;25;TRUE;FALSE;FALSE;FALSE
310;Coreopsis tinctoria;Coreopsis tinctoria;;;Plantae;3133950;36;TRUE;FALSE;FALSE;FALSE
311;Coreopsis verticillata;Coreopsis verticillata;;;Plantae;3133887;7;TRUE;FALSE;FALSE;FALSE
312;Coriandrum sativum;Coriandrum sativum;;;Plantae;3034871;67;TRUE;FALSE;FALSE;FALSE
316;Cornus sericea;Cornus sericea;;;Plantae;3082244;589;TRUE;FALSE;FALSE;FALSE
317;Cortaderia selloana;Cortaderia selloana;;;Plantae;2704523;54;TRUE;FALSE;FALSE;FALSE
323;Cosmos bipinnatus;Cosmos bipinnatus;;;Plantae;3098912;98;TRUE;FALSE;FALSE;FALSE
324;Cotoneaster bullatus;Cotoneaster bullatus;;;Plantae;3026294;76;TRUE;FALSE;FALSE;FALSE
325;Cotoneaster horizontalis;Cotoneaster horizontalis;;;Plantae;3025617;985;TRUE;FALSE;FALSE;FALSE
326;Cotoneaster simonsii;Cotoneaster simonsii;;;Plantae;3026107;57;TRUE;FALSE;FALSE;FALSE
331;Crepis tectorum;Crepis tectorum;;;Plantae;5403508;31;TRUE;FALSE;FALSE;FALSE
335;Crocus chrysanthus;Crocus chrysanthus;;;Plantae;2747489;6;TRUE;FALSE;FALSE;FALSE
336;Crocus tommasinianus;Crocus tommasinianus;;;Plantae;2747564;119;TRUE;FALSE;FALSE;FALSE
337;Crocus vernus;Crocus vernus;;;Plantae;2747567;59;TRUE;FALSE;FALSE;FALSE
340;Cucumis sativus;Cucumis sativus;;;Plantae;2874569;7;TRUE;FALSE;FALSE;FALSE
341;Cucurbita maxima;Cucurbita maxima;;;Plantae;2874515;17;TRUE;FALSE;FALSE;FALSE
342;Cucurbita pepo;Cucurbita pepo;;;Plantae;2874508;95;TRUE;FALSE;FALSE;FALSE
346;Cyanopica cooki;Cyanopica cooki;;;Animalia;5844936;6;TRUE;FALSE;FALSE;FALSE
349;Cynara cardunculus;Cynara cardunculus;;;Plantae;3112364;8;TRUE;FALSE;FALSE;FALSE
353;Cynodon dactylon;Cynodon dactylon;;;Plantae;6109637;180;TRUE;FALSE;FALSE;FALSE
354;Cynoglossum amabile;Cynoglossum amabile;;;Plantae;2925816;14;TRUE;FALSE;FALSE;FALSE
361;Dasiphora fruticosa;Dasiphora fruticosa;;;Plantae;5370380;65;TRUE;FALSE;FALSE;FALSE
369;Dianthus caryophyllus;Dianthus caryophyllus;;;Plantae;3085420;9;TRUE;FALSE;FALSE;FALSE
381;Dipsacus laciniatus;Dipsacus laciniatus;;;Plantae;2888814;35;TRUE;FALSE;FALSE;FALSE
383;Dittrichia graveolens;Dittrichia graveolens;;;Plantae;3101193;101;TRUE;FALSE;FALSE;FALSE
384;Dittrichia viscosa;Dittrichia viscosa;;;Plantae;3101184;10;TRUE;FALSE;FALSE;FALSE
392;Echinops bannaticus;Echinops bannaticus;;;Plantae;5392859;16;TRUE;FALSE;FALSE;FALSE
393;Echium plantagineum;Echium plantagineum;;;Plantae;2925895;71;TRUE;FALSE;FALSE;FALSE
396;Eichhornia crassipes;Eichhornia crassipes;;;Plantae;2765940;27;TRUE;FALSE;FALSE;FALSE
397;Elaeagnus angustifolia;Elaeagnus angustifolia;;;Plantae;3039269;141;TRUE;FALSE;FALSE;FALSE
402;Epilobium ciliatum;Epilobium ciliatum;;;Plantae;9188840;3267;TRUE;FALSE;FALSE;FALSE
408;Eranthis hyemalis;Eranthis hyemalis;;;Plantae;3033227;78;TRUE;FALSE;FALSE;FALSE
409;Erica carnea;Erica carnea;;;Plantae;5682465;8;TRUE;FALSE;FALSE;FALSE
412;Erigeron annuus;Erigeron annuus;;;Plantae;3117449;1419;TRUE;FALSE;FALSE;FALSE
413;Erigeron canadensis;Erigeron canadensis;;;Plantae;3146791;6797;TRUE;FALSE;FALSE;FALSE
414;Erigeron karvinskianus;Erigeron karvinskianus;;;Plantae;3147168;240;TRUE;FALSE;FALSE;FALSE
422;Erucastrum gallicum;Erucastrum gallicum;;;Plantae;5375547;21;TRUE;FALSE;FALSE;FALSE
425;Erysimum cheiri;Erysimum cheiri;;;Plantae;3048203;273;TRUE;FALSE;FALSE;FALSE
426;Erythranthe guttata;Erythranthe guttata;;;Plantae;7346102;188;TRUE;FALSE;FALSE;FALSE
427;Eschscholzia californica;Eschscholzia californica;;;Plantae;2888380;266;TRUE;FALSE;FALSE;FALSE
430;Euonymus alatus;Euonymus alatus;;;Plantae;3169120;7;TRUE;FALSE;FALSE;FALSE
432;Euonymus japonicus;Euonymus japonicus;;;Plantae;7102937;31;TRUE;FALSE;FALSE;FALSE
436;Euphorbia characias;Euphorbia characias;;;Plantae;3067353;34;TRUE;FALSE;FALSE;FALSE
437;Euphorbia oblongata;Euphorbia oblongata;;;Plantae;3069460;11;TRUE;FALSE;FALSE;FALSE
446;Eutrochium maculatum;Eutrochium maculatum;;;Plantae;3138195;10;TRUE;FALSE;FALSE;FALSE
448;Fagopyrum esculentum;Fagopyrum esculentum;;;Plantae;2889373;507;TRUE;FALSE;FALSE;FALSE
452;Fatsia japonica;Fatsia japonica;;;Plantae;3039046;19;TRUE;FALSE;FALSE;FALSE
454;Felis catus;Felis catus;;;Animalia;2435035;2370;TRUE;FALSE;TRUE;FALSE
458;Ficus carica;Ficus carica;;;Plantae;5361909;196;TRUE;FALSE;FALSE;FALSE
460;Foeniculum vulgare;Foeniculum vulgare;;;Plantae;3034922;709;TRUE;FALSE;FALSE;FALSE
472;Galanthus elwesii;Galanthus elwesii;;;Plantae;2855398;13;TRUE;FALSE;FALSE;FALSE
473;Galanthus nivalis;Galanthus nivalis;;;Plantae;2855356;2022;TRUE;FALSE;FALSE;FALSE
474;Galega officinalis;Galega officinalis;;;Plantae;2975667;244;TRUE;FALSE;FALSE;FALSE
475;Galinsoga parviflora;Galinsoga parviflora;;;Plantae;3132570;1798;TRUE;FALSE;FALSE;FALSE
484;Gallus gallus;Gallus gallus;;;Animalia;9326020;346;TRUE;FALSE;FALSE;FALSE
490;Geranium endressii;Geranium endressii;;;Plantae;2890502;150;TRUE;FALSE;FALSE;FALSE
491;Geranium macrorrhizum;Geranium macrorrhizum;;;Plantae;2891079;239;TRUE;FALSE;FALSE;FALSE
493;Geranium phaeum;Geranium phaeum;;;Plantae;2891390;299;TRUE;FALSE;FALSE;FALSE
495;Geranium pyrenaicum;Geranium pyrenaicum;;;Plantae;2890122;2523;TRUE;FALSE;FALSE;FALSE
501;Gilia achilleifolia;Gilia achilleifolia;;;Plantae;5341540;7;TRUE;FALSE;FALSE;FALSE
502;Glebionis coronaria;Glebionis coronaria;;;Plantae;7627205;36;TRUE;FALSE;FALSE;FALSE
505;Glycine max;Glycine max;;;Plantae;5359660;21;TRUE;FALSE;FALSE;FALSE
509;Graphocephala fennahi;Graphocephala fennahi;;;Animalia;2041682;486;TRUE;FALSE;FALSE;FALSE
511;Gryllodes sigillatus;Gryllodes sigillatus;;;Animalia;1722299;16;TRUE;FALSE;FALSE;FALSE
513;Haemorhous mexicanus;Haemorhous mexicanus;;;Animalia;8323485;23;TRUE;FALSE;FALSE;FALSE
515;Haliaeetus leucocephalus;Haliaeetus leucocephalus;;;Animalia;2480446;13;TRUE;FALSE;FALSE;FALSE
517;Harmonia axyridis;Harmonia axyridis;;;Animalia;4989904;7488;TRUE;FALSE;TRUE;FALSE
522;Helianthus annuus;Helianthus annuus;;;Plantae;9206251;441;TRUE;FALSE;FALSE;FALSE
523;Helianthus tuberosus;Helianthus tuberosus;;;Plantae;3119175;268;TRUE;FALSE;FALSE;FALSE
524;Heliotropium europaeum;Heliotropium europaeum;;;Plantae;2925767;6;TRUE;FALSE;FALSE;FALSE
528;Hemerocallis lilioasphodelus;Hemerocallis lilioasphodelus;;;Plantae;2781103;7;TRUE;FALSE;FALSE;FALSE
529;Heracleum mantegazzianum;Heracleum mantegazzianum;;;Plantae;3034825;3444;TRUE;FALSE;FALSE;FALSE
531;Hesperis matronalis;Hesperis matronalis;;;Plantae;3042291;550;TRUE;FALSE;FALSE;FALSE
533;Hibiscus syriacus;Hibiscus syriacus;;;Plantae;3152583;89;TRUE;FALSE;FALSE;FALSE
540;Houttuynia cordata;Houttuynia cordata;;;Plantae;5384931;13;TRUE;FALSE;FALSE;FALSE
542;Hyacinthoides hispanica;Hyacinthoides hispanica;;;Plantae;5304257;449;TRUE;FALSE;FALSE;FALSE
544;Hyacinthus orientalis;Hyacinthus orientalis;;;Plantae;2772666;42;TRUE;FALSE;FALSE;FALSE
547;Hydrangea macrophylla;Hydrangea macrophylla;;;Plantae;2985994;13;TRUE;FALSE;FALSE;FALSE
553;Hylotelephium spectabile;Hylotelephium spectabile;;;Plantae;2985863;38;TRUE;FALSE;FALSE;FALSE
557;Hypericum calycinum;Hypericum calycinum;;;Plantae;3189497;25;TRUE;FALSE;FALSE;FALSE
564;Hyssopus officinalis;Hyssopus officinalis;;;Plantae;5341387;21;TRUE;FALSE;FALSE;FALSE
569;Impatiens balfourii;Impatiens balfourii;;;Plantae;2891783;50;TRUE;FALSE;FALSE;FALSE
570;Impatiens capensis;Impatiens capensis;;;Plantae;2891774;42;TRUE;FALSE;FALSE;FALSE
571;Impatiens glandulifera;Impatiens glandulifera;;;Plantae;2891770;3735;TRUE;FALSE;FALSE;FALSE
573;Impatiens parviflora;Impatiens parviflora;;;Plantae;2891782;1301;TRUE;FALSE;FALSE;FALSE
576;Ipomoea hederacea;Ipomoea hederacea;;;Plantae;2928538;14;TRUE;FALSE;FALSE;FALSE
577;Ipomoea purpurea;Ipomoea purpurea;;;Plantae;2928576;24;TRUE;FALSE;FALSE;FALSE
578;Iris germanica;Iris germanica;;;Plantae;5298069;43;TRUE;FALSE;FALSE;FALSE
580;Isatis tinctoria;Isatis tinctoria;;;Plantae;5374118;50;TRUE;FALSE;FALSE;FALSE
583;Jacobaea maritima;Jacobaea maritima;;;Plantae;5388595;39;TRUE;FALSE;FALSE;FALSE
587;Junco hyemalis;Junco hyemalis;;;Animalia;9362842;49;TRUE;FALSE;FALSE;FALSE
589;Kalmia angustifolia;Kalmia angustifolia;;;Plantae;2883007;9;TRUE;FALSE;FALSE;FALSE
590;Kerria japonica;Kerria japonica;;;Plantae;5371450;155;TRUE;FALSE;FALSE;FALSE
593;Koelreuteria paniculata;Koelreuteria paniculata;;;Plantae;5421180;20;TRUE;FALSE;FALSE;FALSE
596;Lactuca sativa;Lactuca sativa;;;Plantae;7403263;57;TRUE;FALSE;FALSE;FALSE
607;Larix decidua;Larix decidua;;;Plantae;2686212;442;TRUE;FALSE;FALSE;FALSE
612;Lathyrus latifolius;Lathyrus latifolius;;;Plantae;5356517;1357;TRUE;FALSE;FALSE;FALSE
616;Laurus nobilis;Laurus nobilis;;;Plantae;3034015;25;TRUE;FALSE;FALSE;FALSE
617;Lavandula angustifolia;Lavandula angustifolia;;;Plantae;2927305;210;TRUE;FALSE;FALSE;FALSE
623;Lepidium latifolium;Lepidium latifolium;;;Plantae;5376692;76;TRUE;FALSE;FALSE;FALSE
629;Leycesteria formosa;Leycesteria formosa;;;Plantae;2888579;32;TRUE;FALSE;FALSE;FALSE
631;Ligustrum ovalifolium;Ligustrum ovalifolium;;;Plantae;3172291;699;TRUE;FALSE;FALSE;FALSE
632;Ligustrum sinense;Ligustrum sinense;;;Plantae;3172294;11;TRUE;FALSE;FALSE;FALSE
638;Linepithema humile;Linepithema humile;;;Animalia;1316908;8;TRUE;FALSE;FALSE;FALSE
640;Linum usitatissimum;Linum usitatissimum;;;Plantae;2873861;860;TRUE;FALSE;FALSE;FALSE
643;Lithobates catesbeianus;Lithobates catesbeianus;;;Animalia;2427091;148;TRUE;FALSE;FALSE;FALSE
644;Lobelia erinus;Lobelia erinus;;;Plantae;5408087;147;TRUE;FALSE;FALSE;FALSE
645;Lobularia maritima;Lobularia maritima;;;Plantae;5373358;418;TRUE;FALSE;FALSE;FALSE
648;Lonicera japonica;Lonicera japonica;;;Plantae;5334240;59;TRUE;FALSE;FALSE;FALSE
649;Lonicera tatarica;Lonicera tatarica;;;Plantae;5334242;17;TRUE;FALSE;FALSE;FALSE
656;Ludwigia grandiflora;Ludwigia grandiflora;;;Plantae;5421039;305;TRUE;FALSE;FALSE;FALSE
657;Ludwigia peploides;Ludwigia peploides;;;Plantae;5420991;18;TRUE;FALSE;FALSE;FALSE
658;Lunaria annua;Lunaria annua;;;Plantae;5373324;1059;TRUE;FALSE;FALSE;FALSE
666;Lythrum junceum;Lythrum junceum;;;Plantae;3988701;13;TRUE;FALSE;FALSE;FALSE
668;Macleaya cordata;Macleaya cordata;;;Plantae;5334194;17;TRUE;FALSE;FALSE;FALSE
678;Malva parviflora;Malva parviflora;;;Plantae;3152378;47;TRUE;FALSE;FALSE;FALSE
680;Malva thuringiaca;Malva thuringiaca;;;Plantae;3940423;19;TRUE;FALSE;FALSE;FALSE
687;Matricaria discoidea;Matricaria discoidea;;;Plantae;3103791;6050;TRUE;FALSE;FALSE;FALSE
688;Meconema meridionale;Meconema meridionale;;;Animalia;1690429;931;TRUE;FALSE;TRUE;FALSE
692;Medicago polymorpha;Medicago polymorpha;;;Plantae;2965531;83;TRUE;FALSE;FALSE;FALSE
693;Medicago sativa;Medicago sativa;;;Plantae;9151957;2463;TRUE;FALSE;FALSE;FALSE
699;Melilotus albus;Melilotus albus;;;Plantae;2971095;3769;TRUE;FALSE;FALSE;FALSE
701;Melilotus indicus;Melilotus indicus;;;Plantae;2971016;63;TRUE;FALSE;FALSE;FALSE
702;Melissa officinalis;Melissa officinalis;;;Plantae;5341501;867;TRUE;FALSE;FALSE;FALSE
719;Mirabilis jalapa;Mirabilis jalapa;;;Plantae;3086240;49;TRUE;FALSE;FALSE;FALSE
726;Morus alba;Morus alba;;;Plantae;5361889;8;TRUE;FALSE;FALSE;FALSE
727;Muscari armeniacum;Muscari armeniacum;;;Plantae;8152187;92;TRUE;FALSE;FALSE;FALSE
729;Myiopsitta monachus;Myiopsitta monachus;;;Animalia;2479407;108;TRUE;FALSE;FALSE;FALSE
730;Myocastor coypus;Myocastor coypus;;;Animalia;4264680;212;TRUE;FALSE;TRUE;FALSE
750;Nemophila maculata;Nemophila maculata;;;Plantae;2928034;7;TRUE;FALSE;FALSE;FALSE
764;Nicandra physalodes;Nicandra physalodes;;;Plantae;5341754;595;TRUE;FALSE;FALSE;FALSE
765;Nigella damascena;Nigella damascena;;;Plantae;5371702;218;TRUE;FALSE;FALSE;FALSE
784;Ocimum basilicum;Ocimum basilicum;;;Plantae;2927096;6;TRUE;FALSE;FALSE;FALSE
789;Oenanthe pimpinelloides;Oenanthe pimpinelloides;;;Plantae;5371889;9;TRUE;FALSE;FALSE;FALSE
792;Oenothera biennis;Oenothera biennis;;;Plantae;3188924;1193;TRUE;FALSE;FALSE;FALSE
793;Oenothera elata;Oenothera elata;;;Plantae;3188829;7;TRUE;FALSE;FALSE;FALSE
794;Oenothera glazioviana;Oenothera glazioviana;;;Plantae;3188894;1419;TRUE;FALSE;FALSE;FALSE
795;Oenothera lindheimeri;Oenothera lindheimeri;;;Plantae;3664589;24;TRUE;FALSE;FALSE;FALSE
796;Oenothera speciosa;Oenothera speciosa;;;Plantae;3188859;6;TRUE;FALSE;FALSE;FALSE
798;Onobrychis viciifolia;Onobrychis viciifolia;;;Plantae;2972595;230;TRUE;FALSE;FALSE;FALSE
810;Oryctolagus cuniculus;Oryctolagus cuniculus;;;Animalia;2436940;7643;TRUE;FALSE;TRUE;FALSE
816;Oxalis articulata;Oxalis articulata;;;Plantae;2891664;17;TRUE;FALSE;FALSE;FALSE
817;Oxalis debilis;Oxalis debilis;;;Plantae;2891707;143;TRUE;FALSE;FALSE;FALSE
818;Oxalis dillenii;Oxalis dillenii;;;Plantae;2891677;11;TRUE;FALSE;FALSE;FALSE
819;Oxalis latifolia;Oxalis latifolia;;;Plantae;2891755;44;TRUE;FALSE;FALSE;FALSE
829;Parabuteo unicinctus;Parabuteo unicinctus;;;Animalia;2480410;76;TRUE;FALSE;FALSE;FALSE
834;Parthenocissus quinquefolia;Parthenocissus quinquefolia;;;Plantae;3039194;122;TRUE;FALSE;FALSE;FALSE
838;Passiflora caerulea;Passiflora caerulea;;;Plantae;2874199;35;TRUE;FALSE;FALSE;FALSE
840;Pentaglottis sempervirens;Pentaglottis sempervirens;;;Plantae;2926130;500;TRUE;FALSE;FALSE;FALSE
848;Persicaria capitata;Persicaria capitata;;;Plantae;2889304;15;TRUE;FALSE;FALSE;FALSE
852;Phacelia tanacetifolia;Phacelia tanacetifolia;;;Plantae;2928226;781;TRUE;FALSE;FALSE;FALSE
854;Phaseolus vulgaris;Phaseolus vulgaris;;;Plantae;5350452;6;TRUE;FALSE;FALSE;FALSE
855;Philadelphus coronarius;Philadelphus coronarius;;;Plantae;2986045;42;TRUE;FALSE;FALSE;FALSE
864;Phoenix dactylifera;Phoenix dactylifera;;;Plantae;6109699;17;TRUE;FALSE;FALSE;FALSE
868;Phyllonorycter robiniella;Phyllonorycter robiniella;;;Animalia;1749886;10;TRUE;FALSE;FALSE;FALSE
872;Physalis philadelphica;Physalis philadelphica;;;Plantae;8969026;6;TRUE;FALSE;FALSE;FALSE
873;Physocarpus opulifolius;Physocarpus opulifolius;;;Plantae;2988354;28;TRUE;FALSE;FALSE;FALSE
874;Physostegia virginiana;Physostegia virginiana;;;Plantae;2926572;23;TRUE;FALSE;FALSE;FALSE
877;Picea sitchensis;Picea sitchensis;;;Plantae;5284827;70;TRUE;FALSE;FALSE;FALSE
880;Pieris japonica;Pieris japonica;;;Plantae;2882631;9;TRUE;FALSE;FALSE;FALSE
884;Pilosella aurantiaca;Pilosella aurantiaca;;;Plantae;3122924;1985;TRUE;FALSE;FALSE;FALSE
888;Pinus sylvestris;Pinus sylvestris;;;Plantae;5285637;2593;TRUE;FALSE;FALSE;FALSE
894;Plantago lagopus;Plantago lagopus;;;Plantae;8022932;6;TRUE;FALSE;FALSE;FALSE
899;Platanus orientalis;Platanus orientalis;;;Plantae;3152816;16;TRUE;FALSE;FALSE;FALSE
900;Platycodon grandiflorus;Platycodon grandiflorus;;;Plantae;3164340;8;TRUE;FALSE;FALSE;FALSE
919;Pontederia cordata;Pontederia cordata;;;Plantae;2766030;120;TRUE;FALSE;FALSE;FALSE
920;Populus alba;Populus alba;;;Plantae;3040233;1527;TRUE;FALSE;FALSE;FALSE
921;Populus balsamifera;Populus balsamifera;;;Plantae;3040184;479;TRUE;FALSE;FALSE;FALSE
930;Procyon lotor;Procyon lotor;;;Animalia;5218786;1541;TRUE;FALSE;TRUE;FALSE
937;Prunus cerasifera;Prunus cerasifera;;;Plantae;3021730;405;TRUE;FALSE;FALSE;FALSE
939;Prunus laurocerasus;Prunus laurocerasus;;;Plantae;3021496;1269;TRUE;FALSE;FALSE;FALSE
942;Prunus serotina;Prunus serotina;;;Plantae;3021850;5680;TRUE;FALSE;FALSE;FALSE
947;Pseudotsuga menziesii;Pseudotsuga menziesii;;;Plantae;2685796;562;TRUE;FALSE;FALSE;FALSE
948;Psittacula krameri;Psittacula krameri;;;Animalia;2479226;2812;TRUE;FALSE;TRUE;FALSE
954;Pulmonaria officinalis;Pulmonaria officinalis;;;Plantae;5341204;536;TRUE;FALSE;FALSE;FALSE
960;Quercus ilex;Quercus ilex;;;Plantae;2879098;53;TRUE;FALSE;FALSE;FALSE
969;Raphanus sativus;Raphanus sativus;;;Plantae;7678610;292;TRUE;FALSE;FALSE;FALSE
970;Rapistrum rugosum;Rapistrum rugosum;;;Plantae;5373368;437;TRUE;FALSE;FALSE;FALSE
973;Reseda alba;Reseda alba;;;Plantae;3040254;32;TRUE;FALSE;FALSE;FALSE
976;Reynoutria japonica;Reynoutria japonica;;;Plantae;2889173;6292;TRUE;FALSE;FALSE;FALSE
982;Rhododendron ponticum;Rhododendron ponticum;;;Plantae;7327990;871;TRUE;FALSE;FALSE;FALSE
985;Rhus typhina;Rhus typhina;;;Plantae;3190538;639;TRUE;FALSE;FALSE;FALSE
986;Rhyzobius forestieri;Rhyzobius forestieri;;;Animalia;4990176;6;TRUE;FALSE;FALSE;FALSE
990;Ricinus communis;Ricinus communis;;;Plantae;5380041;10;TRUE;FALSE;FALSE;FALSE
992;Robinia pseudoacacia;Robinia pseudoacacia;;;Plantae;5352251;4235;TRUE;FALSE;FALSE;FALSE
996;Rosa rugosa;Rosa rugosa;;;Plantae;3003979;948;TRUE;FALSE;FALSE;FALSE
998;Rubus armeniacus;Rubus armeniacus;;;Plantae;2996525;212;TRUE;FALSE;FALSE;FALSE
1001;Rubus odoratus;Rubus odoratus;;;Plantae;2994912;13;TRUE;FALSE;FALSE;FALSE
1003;Rubus spectabilis;Rubus spectabilis;;;Plantae;2993761;19;TRUE;FALSE;FALSE;FALSE
1005;Rudbeckia hirta;Rudbeckia hirta;;;Plantae;3114225;85;TRUE;FALSE;FALSE;FALSE
1006;Rudbeckia laciniata;Rudbeckia laciniata;;;Plantae;3114229;36;TRUE;FALSE;FALSE;FALSE
1009;Rumex longifolius;Rumex longifolius;;;Plantae;2888946;8;TRUE;FALSE;FALSE;FALSE
1012;Ruta graveolens;Ruta graveolens;;;Plantae;3190382;50;TRUE;FALSE;FALSE;FALSE
1021;Salix pentandra;Salix pentandra;;;Plantae;5372647;78;TRUE;FALSE;FALSE;FALSE
1028;Salvia nemorosa;Salvia nemorosa;;;Plantae;2927028;57;TRUE;FALSE;FALSE;FALSE
1029;Salvia officinalis;Salvia officinalis;;;Plantae;2927004;35;TRUE;FALSE;FALSE;FALSE
1032;Sambucus canadensis;Sambucus canadensis;;;Plantae;6369819;34;TRUE;FALSE;FALSE;FALSE
1035;Saponaria officinalis;Saponaria officinalis;;;Plantae;3085360;1351;TRUE;FALSE;FALSE;FALSE
1039;Saururus cernuus;Saururus cernuus;;;Plantae;5384932;9;TRUE;FALSE;FALSE;FALSE
1042;Scabiosa ochroleuca;Scabiosa ochroleuca;;;Plantae;2888806;6;TRUE;FALSE;FALSE;FALSE
1045;Scilla siberica;Scilla siberica;;;Plantae;8080743;39;TRUE;FALSE;FALSE;FALSE
1047;Sciurus carolinensis;Sciurus carolinensis;;;Animalia;5219681;18;TRUE;FALSE;TRUE;FALSE
1056;Securigera varia;Securigera varia;;;Plantae;5350000;307;TRUE;FALSE;FALSE;FALSE
1059;Senecio inaequidens;Senecio inaequidens;;;Plantae;3109086;6344;TRUE;FALSE;FALSE;FALSE
1061;Senecio squalidus;Senecio squalidus;;;Plantae;3109117;16;TRUE;FALSE;FALSE;FALSE
1073;Silybum marianum;Silybum marianum;;;Plantae;3145214;390;TRUE;FALSE;FALSE;FALSE
1074;Sinapis alba;Sinapis alba;;;Plantae;3047621;435;TRUE;FALSE;FALSE;FALSE
1076;Sisymbrium altissimum;Sisymbrium altissimum;;;Plantae;3046736;566;TRUE;FALSE;FALSE;FALSE
1077;Sisymbrium irio;Sisymbrium irio;;;Plantae;3046851;15;TRUE;FALSE;FALSE;FALSE
1078;Sisymbrium loeselii;Sisymbrium loeselii;;;Plantae;3046875;59;TRUE;FALSE;FALSE;FALSE
1080;Sisymbrium orientale;Sisymbrium orientale;;;Plantae;3046812;145;TRUE;FALSE;FALSE;FALSE
1085;Solanum lycopersicum;Solanum lycopersicum;;;Plantae;2930137;785;TRUE;FALSE;FALSE;FALSE
1086;Solanum tuberosum;Solanum tuberosum;;;Plantae;2930262;246;TRUE;FALSE;FALSE;FALSE
1087;Soleirolia soleirolii;Soleirolia soleirolii;;;Plantae;2984366;77;TRUE;FALSE;FALSE;FALSE
1088;Solidago canadensis;Solidago canadensis;;;Plantae;5389029;1260;TRUE;FALSE;FALSE;FALSE
1089;Solidago gigantea;Solidago gigantea;;;Plantae;5389017;2828;TRUE;FALSE;FALSE;FALSE
1095;Sonchus tenerrimus;Sonchus tenerrimus;;;Plantae;3105768;8;TRUE;FALSE;FALSE;FALSE
1107;Spinacia oleracea;Spinacia oleracea;;;Plantae;3083647;23;TRUE;FALSE;FALSE;FALSE
1108;Spiraea alba;Spiraea alba;;;Plantae;3026585;44;TRUE;FALSE;FALSE;FALSE
1109;Spiraea japonica;Spiraea japonica;;;Plantae;8170635;56;TRUE;FALSE;FALSE;FALSE
1111;Stachys byzantina;Stachys byzantina;;;Plantae;2927230;79;TRUE;FALSE;FALSE;FALSE
1114;Staphylea pinnata;Staphylea pinnata;;;Plantae;3686235;23;TRUE;FALSE;FALSE;FALSE
1127;Styphnolobium japonicum;Styphnolobium japonicum;;;Plantae;2963569;11;TRUE;FALSE;FALSE;FALSE
1139;Symphoricarpos albus;Symphoricarpos albus;;;Plantae;7523753;1956;TRUE;FALSE;FALSE;FALSE
1140;Symphoricarpos orbiculatus;Symphoricarpos orbiculatus;;;Plantae;2888636;11;TRUE;FALSE;FALSE;FALSE
1141;Symphyotrichum lanceolatum;Symphyotrichum lanceolatum;;;Plantae;9202318;232;TRUE;FALSE;FALSE;FALSE
1142;Symphyotrichum novae-angliae;Symphyotrichum novae-angliae;;;Plantae;3151618;14;TRUE;FALSE;FALSE;FALSE
1143;Symphyotrichum novi-belgii;Symphyotrichum novi-belgii;;;Plantae;3151558;135;TRUE;FALSE;FALSE;FALSE
1144;Symphyotrichum salignum;Symphyotrichum salignum;;;Plantae;3151811;6;TRUE;FALSE;FALSE;FALSE
1150;Syringa vulgaris;Syringa vulgaris;;;Plantae;5415039;1350;TRUE;FALSE;FALSE;FALSE
1156;Tagetes erecta;Tagetes erecta;;;Plantae;3088488;25;TRUE;FALSE;FALSE;FALSE
1157;Tanacetum parthenium;Tanacetum parthenium;;;Plantae;3118430;1073;TRUE;FALSE;FALSE;FALSE
1172;Thuja occidentalis;Thuja occidentalis;;;Plantae;2684178;30;TRUE;FALSE;FALSE;FALSE
1173;Thuja plicata;Thuja plicata;;;Plantae;2684171;115;TRUE;FALSE;FALSE;FALSE
1177;Thymus vulgaris;Thymus vulgaris;;;Plantae;5341442;54;TRUE;FALSE;FALSE;FALSE
1185;Tradescantia virginiana;Tradescantia virginiana;;;Plantae;2765272;97;TRUE;FALSE;FALSE;FALSE
1186;Tragopogon dubius;Tragopogon dubius;;;Plantae;6443709;250;TRUE;FALSE;FALSE;FALSE
1190;Trichoglossus haematodus;Trichoglossus haematodus;;;Animalia;2479686;6;TRUE;FALSE;FALSE;FALSE
1196;Trifolium incarnatum;Trifolium incarnatum;;;Plantae;5359378;320;TRUE;FALSE;FALSE;FALSE
1200;Trifolium resupinatum;Trifolium resupinatum;;;Plantae;5359175;74;TRUE;FALSE;FALSE;FALSE
1206;Triticum aestivum;Triticum aestivum;;;Plantae;7795888;376;TRUE;FALSE;FALSE;FALSE
1210;Tropaeolum majus;Tropaeolum majus;;;Plantae;2889934;145;TRUE;FALSE;FALSE;FALSE
1213;Tsuga heterophylla;Tsuga heterophylla;;;Plantae;2687210;90;TRUE;FALSE;FALSE;FALSE
1226;Vaccinium corymbosum;Vaccinium corymbosum;;;Plantae;2882849;37;TRUE;FALSE;FALSE;FALSE
1236;Verbena bonariensis;Verbena bonariensis;;;Plantae;2925514;643;TRUE;FALSE;FALSE;FALSE
1237;Verbena hastata;Verbena hastata;;;Plantae;2925527;36;TRUE;FALSE;FALSE;FALSE
1239;Verbesina alternifolia;Verbesina alternifolia;;;Plantae;3147815;6;TRUE;FALSE;FALSE;FALSE
1243;Veronica persica;Veronica persica;;;Plantae;3172077;5586;TRUE;FALSE;FALSE;FALSE
1244;Veronica spicata;Veronica spicata;;;Plantae;3172059;20;TRUE;FALSE;FALSE;FALSE
1246;Vespa velutina;Vespa velutina;Vespa velutina;Vespa velutina;Animalia;1311477;376;TRUE;FALSE;FALSE;FALSE
1253;Viburnum tinus;Viburnum tinus;;;Plantae;2888585;43;TRUE;FALSE;FALSE;FALSE
1255;Vicia faba;Vicia faba;;;Plantae;2974832;59;TRUE;FALSE;FALSE;FALSE
1256;Vicia lutea;Vicia lutea;;;Plantae;2974753;108;TRUE;FALSE;FALSE;FALSE
1260;Vinca major;Vinca major;;;Plantae;3169708;677;TRUE;FALSE;FALSE;FALSE
1268;Vitis vinifera;Vitis vinifera;;;Plantae;5372392;144;TRUE;FALSE;FALSE;FALSE
1279;Zantedeschia aethiopica;Zantedeschia aethiopica;;;Plantae;2868827;8;TRUE;FALSE;FALSE;FALSE
1280;Zea mays;Zea mays;;;Plantae;5290052;173;TRUE;FALSE;FALSE;FALSE
12;Adalia bipunctata;;Adalia bipunctata;;Animalia;1043097;1725;FALSE;FALSE;TRUE;TRUE
17;Aegithalos caudatus;;Aegithalos caudatus;;Animalia;2495000;12924;FALSE;FALSE;TRUE;TRUE
22;Agalenatea redii;;Agalenatea redii;;Animalia;2160943;12;FALSE;FALSE;TRUE;TRUE
100;Anguilla anguilla;;Anguilla anguilla;;Animalia;5212973;1834;FALSE;FALSE;TRUE;TRUE
131;Argynnis paphia;;Argynnis paphia;;Animalia;1909398;1848;FALSE;FALSE;TRUE;TRUE
252;Cervus elaphus;;Cervus elaphus;;Animalia;2440958;11;FALSE;FALSE;TRUE;TRUE
291;Coelotes terrestris;;Coelotes terrestris;;Animalia;2141379;603;FALSE;FALSE;TRUE;TRUE
386;Dolomedes fimbriatus;;Dolomedes fimbriatus;;Animalia;2150955;67;FALSE;FALSE;TRUE;TRUE
400;Emberiza citrinella;;Emberiza citrinella;;Animalia;2491534;6717;FALSE;FALSE;TRUE;TRUE
401;Emberiza schoeniclus;;Emberiza schoeniclus;;Animalia;2491557;11548;FALSE;FALSE;TRUE;TRUE
444;Euryopis flavomaculata;;Euryopis flavomaculata;;Animalia;2155761;197;FALSE;FALSE;TRUE;TRUE
464;Formica rufa;;Formica rufa;;Animalia;1315132;571;FALSE;FALSE;TRUE;TRUE
465;Formica sanguinea;;Formica sanguinea;;Animalia;1315006;805;FALSE;FALSE;TRUE;TRUE
506;Gomphus vulgatissimus;;Gomphus vulgatissimus;;Animalia;5051951;6;FALSE;FALSE;TRUE;TRUE
519;Harpalus griseus;;Harpalus griseus;;Animalia;6097919;8;FALSE;FALSE;TRUE;TRUE
633;Limenitis camilla;;Limenitis camilla;;Animalia;8429428;1638;FALSE;FALSE;TRUE;TRUE
646;Locustella naevia;;Locustella naevia;;Animalia;2493548;5511;FALSE;FALSE;TRUE;TRUE
655;Loxia curvirostra;;Loxia curvirostra;;Animalia;9629160;5847;FALSE;FALSE;TRUE;TRUE
659;Luscinia megarhynchos;;Luscinia megarhynchos;;Animalia;7660710;4809;FALSE;FALSE;TRUE;TRUE
697;Meles meles;;Meles meles;;Animalia;2433875;20;FALSE;FALSE;TRUE;TRUE
720;Misumena vatia;;Misumena vatia;;Animalia;2165951;56;FALSE;FALSE;TRUE;TRUE
778;Nymphalis antiopa;;Nymphalis antiopa;;Animalia;5130682;154;FALSE;FALSE;TRUE;TRUE
779;Nymphalis polychloros;;Nymphalis polychloros;;Animalia;7762841;570;FALSE;FALSE;TRUE;TRUE
803;Oriolus oriolus;;Oriolus oriolus;;Animalia;2488949;5389;FALSE;FALSE;TRUE;TRUE
820;Oxythyrea funesta;;Oxythyrea funesta;;Animalia;1077130;18;FALSE;FALSE;TRUE;TRUE
836;Passer domesticus;;Passer domesticus;;Animalia;5231190;13882;FALSE;FALSE;TRUE;TRUE
837;Passer montanus;;Passer montanus;;Animalia;5231198;9849;FALSE;FALSE;TRUE;TRUE
863;Phoenicurus phoenicurus;;Phoenicurus phoenicurus;;Animalia;5739317;6385;FALSE;FALSE;TRUE;TRUE
871;Phylloscopus trochilus;;Phylloscopus trochilus;;Animalia;2493052;10099;FALSE;FALSE;TRUE;TRUE
901;Platynaspis luteorubra;;Platynaspis luteorubra;;Animalia;4452301;96;FALSE;FALSE;TRUE;TRUE
958;Pyrrhula pyrrhula;;Pyrrhula pyrrhula;;Animalia;2494543;5751;FALSE;FALSE;TRUE;TRUE
1015;Salamandra salamandra;;Salamandra salamandra;;Animalia;2431776;22;FALSE;FALSE;TRUE;TRUE
1025;Salmo trutta;;Salmo trutta;;Animalia;8215487;159;FALSE;FALSE;TRUE;TRUE
1027;Saloca diceros;;Saloca diceros;;Animalia;2137523;26;FALSE;FALSE;TRUE;TRUE
1036;Satyrium ilicis;;Satyrium ilicis;;Animalia;5882969;395;FALSE;FALSE;TRUE;TRUE
1038;Satyrium w-album;;Satyrium w-album;;Animalia;5882965;796;FALSE;FALSE;TRUE;TRUE
1065;Serinus serinus;;Serinus serinus;;Animalia;2494200;1958;FALSE;FALSE;TRUE;TRUE
1118;Stenobothrus lineatus;;Stenobothrus lineatus;;Animalia;1710962;42;FALSE;FALSE;TRUE;TRUE
1166;Tetrix tenuicornis;;Tetrix tenuicornis;;Animalia;1681181;118;FALSE;FALSE;TRUE;TRUE
1170;Thecla betulae;;Thecla betulae;;Animalia;1930110;2180;FALSE;FALSE;TRUE;TRUE
1174;Thymelicus sylvestris;;Thymelicus sylvestris;;Animalia;8273661;887;FALSE;FALSE;TRUE;TRUE
1178;Tibellus maritimus;;Tibellus maritimus;;Animalia;2147916;20;FALSE;FALSE;TRUE;TRUE
1179;Tibellus oblongus;;Tibellus oblongus;;Animalia;9805173;40;FALSE;FALSE;TRUE;TRUE
1189;Trichius fasciatus;;Trichius fasciatus;;Animalia;1085188;16;FALSE;FALSE;TRUE;TRUE
1217;Turdus pilaris;;Turdus pilaris;;Animalia;2490737;12436;FALSE;FALSE;TRUE;TRUE
1277;Xysticus acerbus;;Xysticus acerbus;;Animalia;2165222;27;FALSE;FALSE;TRUE;TRUE
2;Acanthosoma haemorrhoidale;;;;Animalia;5866246;571;FALSE;FALSE;FALSE;FALSE
4;Accipiter gentilis;;;;Animalia;2480589;7351;FALSE;FALSE;TRUE;FALSE
5;Acer campestre;;;;Plantae;3189863;2891;FALSE;FALSE;FALSE;FALSE
6;Acer platanoides;;;;Plantae;3189846;2467;FALSE;FALSE;FALSE;FALSE
7;Acer pseudoplatanus;;;;Plantae;3189870;6125;FALSE;FALSE;FALSE;FALSE
8;Achaius oratorius;;;;Animalia;1286594;96;FALSE;FALSE;FALSE;FALSE
9;Achillea millefolium;;;;Plantae;3120060;9248;FALSE;FALSE;FALSE;FALSE
10;Achillea ptarmica;;;;Plantae;3120333;2807;FALSE;FALSE;FALSE;FALSE
13;Adalia decempunctata;;;;Animalia;4452227;970;FALSE;FALSE;TRUE;FALSE
14;Adelphocoris lineolatus;;;;Animalia;9695352;220;FALSE;FALSE;FALSE;FALSE
15;Adelphocoris quadripunctatus;;;;Animalia;4487359;227;FALSE;FALSE;FALSE;FALSE
16;Adelphocoris seticornis;;;;Animalia;2009421;68;FALSE;FALSE;FALSE;FALSE
18;Aegopodium podagraria;;;;Plantae;3034620;6808;FALSE;FALSE;FALSE;FALSE
19;Aesculus <d7> carnea;;;;Plantae;3189809;9;FALSE;FALSE;FALSE;FALSE
21;Aethusa cynapium;;;;Plantae;5371825;2377;FALSE;FALSE;FALSE;FALSE
23;Agapanthia villosoviridescens;;;;Animalia;8546826;109;FALSE;FALSE;FALSE;FALSE
24;Aglais io;;;;Animalia;4535827;14775;FALSE;FALSE;TRUE;FALSE
25;Aglais urticae;;;;Animalia;1894840;12240;FALSE;FALSE;TRUE;FALSE
26;Agrimonia eupatoria;;;;Plantae;3001956;2137;FALSE;FALSE;FALSE;FALSE
27;Agrostemma githago;;;;Plantae;3085368;229;FALSE;FALSE;FALSE;FALSE
28;Agrotis exclamationis;;;;Animalia;1771214;8;FALSE;FALSE;FALSE;FALSE
29;Agrotis segetum;;;;Animalia;1771040;7;FALSE;FALSE;FALSE;FALSE
30;Agrypnus murinus;;;;Animalia;4428942;10;FALSE;FALSE;FALSE;FALSE
32;Ajuga reptans;;;;Plantae;2927078;4488;FALSE;FALSE;FALSE;FALSE
35;Alisma plantago-aquatica;;;;Plantae;2865100;4020;FALSE;FALSE;FALSE;FALSE
36;Alliaria petiolata;;;;Plantae;5376075;6138;FALSE;FALSE;FALSE;FALSE
37;Allium aflatunense;;;;Plantae;2857779;11;FALSE;FALSE;FALSE;FALSE
40;Allium tuberosum;;;;Plantae;2856297;6;FALSE;FALSE;FALSE;FALSE
41;Allium ursinum;;;;Plantae;2857601;2074;FALSE;FALSE;FALSE;FALSE
42;Allium vineale;;;;Plantae;7792960;2356;FALSE;FALSE;FALSE;FALSE
43;Alnus glutinosa;;;;Plantae;2876213;6903;FALSE;FALSE;FALSE;FALSE
45;Alopecurus pratensis;;;;Plantae;5290081;4862;FALSE;FALSE;FALSE;FALSE
46;Alydus calcaratus;;;;Animalia;2050173;46;FALSE;FALSE;FALSE;FALSE
47;Amara aenea;;;;Animalia;1035185;7;FALSE;FALSE;TRUE;FALSE
48;Amara familiaris;;;;Animalia;1035195;8;FALSE;FALSE;TRUE;FALSE
49;Amblyteles armatorius;;;;Animalia;1286739;84;FALSE;FALSE;FALSE;FALSE
50;Amblytylus nasutus;;;;Animalia;2008893;33;FALSE;FALSE;FALSE;FALSE
54;Anacamptis morio;;;;Plantae;2808565;28;FALSE;FALSE;FALSE;FALSE
56;Anaptus major;;;;Animalia;2021018;35;FALSE;FALSE;FALSE;FALSE
57;Anas platyrhynchos;;;;Animalia;9761484;14221;FALSE;FALSE;TRUE;FALSE
58;Anaspis maculata;;;;Animalia;5878447;7;FALSE;FALSE;FALSE;FALSE
59;Ancistrocerus gazella;;;;Animalia;5037434;89;FALSE;FALSE;FALSE;FALSE
60;Andrena bicolor;;;;Animalia;1356887;1344;FALSE;FALSE;FALSE;FALSE
61;Andrena bimaculata;;;;Animalia;1357005;76;FALSE;FALSE;FALSE;FALSE
62;Andrena carantonica;;;;Animalia;1357950;747;FALSE;FALSE;FALSE;FALSE
63;Andrena cineraria;;;;Animalia;1358088;1027;FALSE;FALSE;FALSE;FALSE
64;Andrena coitana;;;;Animalia;1357215;23;FALSE;FALSE;FALSE;FALSE
65;Andrena denticulata;;;;Animalia;1357548;132;FALSE;FALSE;FALSE;FALSE
66;Andrena dorsata;;;;Animalia;1357872;1239;FALSE;FALSE;FALSE;FALSE
67;Andrena fucata;;;;Animalia;1357543;21;FALSE;FALSE;FALSE;FALSE
68;Andrena fulva;;;;Animalia;9805254;2892;FALSE;FALSE;FALSE;FALSE
69;Andrena fulvago;;;;Animalia;1357646;199;FALSE;FALSE;FALSE;FALSE
70;Andrena haemorrhoa;;;;Animalia;1356981;3891;FALSE;FALSE;FALSE;FALSE
71;Andrena helvola;;;;Animalia;1357179;193;FALSE;FALSE;FALSE;FALSE
72;Andrena labiata;;;;Animalia;1357207;544;FALSE;FALSE;FALSE;FALSE
73;Andrena minutuloides;;;;Animalia;1356982;30;FALSE;FALSE;FALSE;FALSE
74;Andrena nitida;;;;Animalia;1357545;1450;FALSE;FALSE;FALSE;FALSE
75;Andrena pilipes;;;;Animalia;1357721;65;FALSE;FALSE;FALSE;FALSE
76;Andrena praecox;;;;Animalia;1357456;418;FALSE;FALSE;FALSE;FALSE
77;Andrena proxima;;;;Animalia;1357354;492;FALSE;FALSE;FALSE;FALSE
78;Andrena subopaca;;;;Animalia;1357479;238;FALSE;FALSE;FALSE;FALSE
79;Andrena trimmerana;;;;Animalia;1357930;7;FALSE;FALSE;FALSE;FALSE
80;Andricus aries;;;;Animalia;4497180;44;FALSE;FALSE;FALSE;FALSE
81;Andricus callidoma;;;;Animalia;4497045;72;FALSE;FALSE;FALSE;FALSE
82;Andricus corruptrix;;;;Animalia;4497120;42;FALSE;FALSE;FALSE;FALSE
83;Andricus curvator;;;;Animalia;1309593;277;FALSE;FALSE;FALSE;FALSE
84;Andricus fecundatrix;;;;Animalia;1309609;9;FALSE;FALSE;FALSE;FALSE
85;Andricus foecundatrix;;;;Animalia;4497137;1028;FALSE;FALSE;FALSE;FALSE
86;Andricus grossulariae;;;;Animalia;1309606;18;FALSE;FALSE;FALSE;FALSE
87;Andricus inflator;;;;Animalia;4497009;63;FALSE;FALSE;FALSE;FALSE
88;Andricus kollari;;;;Animalia;1309600;1102;FALSE;FALSE;FALSE;FALSE
89;Andricus lignicola;;;;Animalia;4497054;237;FALSE;FALSE;FALSE;FALSE
90;Andricus quadrilineatus;;;;Animalia;4497150;46;FALSE;FALSE;FALSE;FALSE
91;Andricus quercuscalicis;;;;Animalia;4497124;247;FALSE;FALSE;FALSE;FALSE
92;Andricus quercuscorticis;;;;Animalia;4496979;51;FALSE;FALSE;FALSE;FALSE
93;Andricus quercusradicis;;;;Animalia;1309601;9;FALSE;FALSE;FALSE;FALSE
94;Andricus quercusramuli;;;;Animalia;1309602;10;FALSE;FALSE;FALSE;FALSE
95;Andricus solitarius;;;;Animalia;1309592;137;FALSE;FALSE;FALSE;FALSE
97;Anemone nemorosa;;;;Plantae;3033263;5269;FALSE;FALSE;FALSE;FALSE
99;Angelica sylvestris;;;;Plantae;5371818;5831;FALSE;FALSE;FALSE;FALSE
101;Anisodactylus binotatus;;;;Animalia;1036917;6;FALSE;FALSE;TRUE;FALSE
103;Anoecia corni;;;;Animalia;2076087;49;FALSE;FALSE;FALSE;FALSE
104;Anotylus rugosus;;;;Animalia;1039463;7;FALSE;FALSE;FALSE;FALSE
105;Anthaxia nitidula;;;;Animalia;4431813;27;FALSE;FALSE;FALSE;FALSE
106;Anthemis arvensis;;;;Plantae;3102781;130;FALSE;FALSE;FALSE;FALSE
107;Anthophila fabriciana;;;;Animalia;5123461;6;FALSE;FALSE;FALSE;FALSE
108;Anthoxanthum odoratum;;;;Plantae;2705975;6571;FALSE;FALSE;FALSE;FALSE
109;Anthrenus verbasci;;;;Animalia;1095895;6;FALSE;FALSE;FALSE;FALSE
110;Anthriscus sylvestris;;;;Plantae;5371742;7686;FALSE;FALSE;FALSE;FALSE
111;Anthyllis vulneraria;;;;Plantae;5352367;351;FALSE;FALSE;FALSE;FALSE
113;Apatura ilia;;;;Animalia;8138711;22;FALSE;FALSE;FALSE;FALSE
114;Aphantopus hyperantus;;;;Animalia;1896841;5616;FALSE;FALSE;TRUE;FALSE
115;Aphis hederae;;;;Animalia;2072752;27;FALSE;FALSE;FALSE;FALSE
116;Aphrophora salicina;;;;Animalia;4482772;101;FALSE;FALSE;FALSE;FALSE
117;Apis mellifera;;;;Animalia;1341976;7053;FALSE;FALSE;FALSE;FALSE
118;Apium graveolens;;;;Plantae;5371879;259;FALSE;FALSE;FALSE;FALSE
119;Apodemus sylvaticus;;;;Animalia;2437760;13;FALSE;FALSE;TRUE;FALSE
120;Aporia crataegi;;;;Animalia;1920218;77;FALSE;FALSE;TRUE;FALSE
121;Aquilegia vulgaris;;;;Plantae;3033191;343;FALSE;FALSE;FALSE;FALSE
122;Araneus diadematus;;;;Animalia;2160133;216;FALSE;FALSE;TRUE;FALSE
123;Araschnia levana;;;;Animalia;1902533;11739;FALSE;FALSE;TRUE;FALSE
124;Archaeopsylla erinacei;;;;Animalia;1419537;7;FALSE;FALSE;FALSE;FALSE
125;Arctium lappa;;;;Plantae;7353729;1688;FALSE;FALSE;FALSE;FALSE
126;Arctium minus;;;;Plantae;5393103;2932;FALSE;FALSE;FALSE;FALSE
127;Arctium tomentosum;;;;Plantae;5393080;49;FALSE;FALSE;FALSE;FALSE
129;Arge cyanocrocea;;;;Animalia;5868173;257;FALSE;FALSE;FALSE;FALSE
130;Argentina anserina;;;;Plantae;5367246;5991;FALSE;FALSE;FALSE;FALSE
132;Arma custos;;;;Animalia;4485971;371;FALSE;FALSE;FALSE;FALSE
133;Armadillidium vulgare;;;;Animalia;2203611;14;FALSE;FALSE;FALSE;FALSE
134;Armeria maritima;;;;Plantae;8930531;199;FALSE;FALSE;FALSE;FALSE
136;Artemisia absinthium;;;;Plantae;3121319;236;FALSE;FALSE;FALSE;FALSE
137;Arytaina genistae;;;;Animalia;2014262;29;FALSE;FALSE;FALSE;FALSE
139;Asperula cynanchica;;;;Plantae;2917026;85;FALSE;FALSE;FALSE;FALSE
141;Athalia rosae;;;;Animalia;4490913;346;FALSE;FALSE;FALSE;FALSE
142;Atheta crassicornis;;;;Animalia;5874785;10;FALSE;FALSE;FALSE;FALSE
143;Athyrium filix-femina;;;;Plantae;5275044;3575;FALSE;FALSE;FALSE;FALSE
144;Atocion armeria;;;;Plantae;7995177;61;FALSE;FALSE;FALSE;FALSE
145;Atriplex littoralis;;;;Plantae;3083696;181;FALSE;FALSE;FALSE;FALSE
147;Aulacorthum solani;;;;Animalia;2076745;16;FALSE;FALSE;FALSE;FALSE
148;Auricularia auricula-judae;;;;Fungi;5249271;17;FALSE;FALSE;FALSE;FALSE
150;Autographa gamma;;;;Animalia;1792418;30;FALSE;FALSE;FALSE;FALSE
152;Ballota nigra;;;;Plantae;2926894;986;FALSE;FALSE;FALSE;FALSE
153;Barbarea vulgaris;;;;Plantae;5708780;13;FALSE;FALSE;FALSE;FALSE
154;Bellis perennis;;;;Plantae;3117424;7791;FALSE;FALSE;FALSE;FALSE
155;Bembidion quadrimaculatum;;;;Animalia;1036128;6;FALSE;FALSE;TRUE;FALSE
156;Berberis aquifolium;;;;Plantae;3033868;1441;FALSE;FALSE;FALSE;FALSE
160;Beta vulgaris;;;;Plantae;8971274;174;FALSE;FALSE;FALSE;FALSE
161;Betula pendula;;;;Plantae;5331916;5880;FALSE;FALSE;FALSE;FALSE
162;Betula pubescens;;;;Plantae;9118014;2751;FALSE;FALSE;FALSE;FALSE
165;Bidens triplinervia;;;;Plantae;5391928;17;FALSE;FALSE;FALSE;FALSE
166;Biorhiza pallida;;;;Animalia;1309640;825;FALSE;FALSE;FALSE;FALSE
167;Bistorta officinalis;;;;Plantae;7925535;1121;FALSE;FALSE;FALSE;FALSE
168;Bombus hortorum;;;;Animalia;1340542;2727;FALSE;FALSE;FALSE;FALSE
169;Bombus hypnorum;;;;Animalia;1340513;5845;FALSE;FALSE;FALSE;FALSE
170;Bombus jonellus;;;;Animalia;1340308;333;FALSE;FALSE;FALSE;FALSE
171;Bombus lapidarius;;;;Animalia;1340301;8485;FALSE;FALSE;FALSE;FALSE
172;Bombus lucorum;;;;Animalia;1340298;1340;FALSE;FALSE;FALSE;FALSE
173;Bombus pascuorum;;;;Animalia;1340405;11402;FALSE;FALSE;FALSE;FALSE
174;Bombus pratorum;;;;Animalia;1340305;5825;FALSE;FALSE;FALSE;FALSE
175;Bombus sylvestris;;;;Animalia;1340333;563;FALSE;FALSE;FALSE;FALSE
176;Bombus terrestris;;;;Animalia;1340503;7250;FALSE;FALSE;FALSE;FALSE
177;Bombus vestalis;;;;Animalia;1340418;437;FALSE;FALSE;FALSE;FALSE
179;Brachymeria tibialis;;;;Animalia;1362207;9;FALSE;FALSE;FALSE;FALSE
180;Brachypodium sylvaticum;;;;Plantae;5290146;1884;FALSE;FALSE;FALSE;FALSE
181;Brachythecium rutabulum;;;;Plantae;2679898;6;FALSE;FALSE;FALSE;FALSE
184;Brassica nigra;;;;Plantae;3042658;1035;FALSE;FALSE;FALSE;FALSE
187;Bryonia dioica;;;;Plantae;6422396;1763;FALSE;FALSE;FALSE;FALSE
188;Bubulcus ibis;;;;Animalia;2480830;1383;FALSE;FALSE;TRUE;FALSE
190;Buteo buteo;;;;Animalia;2480537;15997;FALSE;FALSE;TRUE;FALSE
192;Butomus umbellatus;;;;Plantae;2864467;820;FALSE;FALSE;FALSE;FALSE
193;Buxus sempervirens;;;;Plantae;2984671;43;FALSE;FALSE;FALSE;FALSE
194;Byturus ochraceus;;;;Animalia;4452084;6;FALSE;FALSE;FALSE;FALSE
195;Cakile maritima;;;;Plantae;3048831;450;FALSE;FALSE;FALSE;FALSE
197;Caliroa cerasi;;;;Animalia;1249682;77;FALSE;FALSE;FALSE;FALSE
199;Calluna vulgaris;;;;Plantae;2882482;4592;FALSE;FALSE;FALSE;FALSE
200;Calluna_vulgaris;;;;Plantae;2882482;4592;FALSE;FALSE;FALSE;FALSE
201;Calocera viscosa;;;;Fungi;9134585;13;FALSE;FALSE;FALSE;FALSE
202;Caltha palustris;;;;Plantae;5371685;4917;FALSE;FALSE;FALSE;FALSE
203;Calvia decemguttata;;;;Animalia;4452235;715;FALSE;FALSE;TRUE;FALSE
204;Calvia quatuordecimguttata;;;;Animalia;1043171;1152;FALSE;FALSE;TRUE;FALSE
205;Calystegia sepium;;;;Plantae;2928441;7008;FALSE;FALSE;FALSE;FALSE
206;Calystegia silvatica;;;;Plantae;2928446;25;FALSE;FALSE;FALSE;FALSE
207;Campanula glomerata;;;;Plantae;5409933;15;FALSE;FALSE;FALSE;FALSE
209;Campanula persicifolia;;;;Plantae;5411475;175;FALSE;FALSE;FALSE;FALSE
211;Campanula rapunculoides;;;;Plantae;5410436;143;FALSE;FALSE;FALSE;FALSE
212;Campanula rapunculus;;;;Plantae;5411920;2688;FALSE;FALSE;FALSE;FALSE
213;Campanula rotundifolia;;;;Plantae;5410907;1486;FALSE;FALSE;FALSE;FALSE
214;Campanula trachelium;;;;Plantae;5412014;546;FALSE;FALSE;FALSE;FALSE
215;Campsis radicans;;;;Plantae;7613490;18;FALSE;FALSE;FALSE;FALSE
216;Campylomma verbasci;;;;Animalia;2011329;22;FALSE;FALSE;FALSE;FALSE
217;Campyloneura virgula;;;;Animalia;5153002;151;FALSE;FALSE;FALSE;FALSE
219;Capreolus capreolus;;;;Animalia;5220126;72;FALSE;FALSE;TRUE;FALSE
220;Capsella bursa-pastoris;;;;Plantae;5375388;6541;FALSE;FALSE;FALSE;FALSE
222;Carabus granulatus;;;;Animalia;1036789;13;FALSE;FALSE;TRUE;FALSE
223;Carabus nemoralis;;;;Animalia;8056040;11;FALSE;FALSE;TRUE;FALSE
224;Cardamine pratensis;;;;Plantae;7972010;8244;FALSE;FALSE;FALSE;FALSE
225;Carduelis carduelis;;;;Animalia;2494686;11930;FALSE;FALSE;TRUE;FALSE
227;Carduus crispus;;;;Plantae;3114649;1143;FALSE;FALSE;FALSE;FALSE
228;Carduus nutans;;;;Plantae;8185959;90;FALSE;FALSE;FALSE;FALSE
230;Carlina vulgaris;;;;Plantae;3105380;240;FALSE;FALSE;FALSE;FALSE
231;Carpinus betulus;;;;Plantae;2875818;3205;FALSE;FALSE;FALSE;FALSE
232;Carpocoris fuscispinus;;;;Animalia;4485800;13;FALSE;FALSE;FALSE;FALSE
233;Carpocoris purpureipennis;;;;Animalia;4485798;155;FALSE;FALSE;FALSE;FALSE
234;Cassida rubiginosa;;;;Animalia;4990526;7;FALSE;FALSE;FALSE;FALSE
236;Catocala nupta;;;;Animalia;1797258;10;FALSE;FALSE;FALSE;FALSE
237;Celastrina argiolus;;;;Animalia;1925918;11950;FALSE;FALSE;TRUE;FALSE
238;Centaurea calcitrapa;;;;Plantae;3128483;14;FALSE;FALSE;FALSE;FALSE
239;Centaurea cyanus;;;;Plantae;3089561;1879;FALSE;FALSE;FALSE;FALSE
240;Centaurea jacea;;;;Plantae;3128547;6739;FALSE;FALSE;FALSE;FALSE
241;Centaurea montana;;;;Plantae;9023462;37;FALSE;FALSE;FALSE;FALSE
242;Centaurea nigra;;;;Plantae;3128225;108;FALSE;FALSE;FALSE;FALSE
243;Centaurea scabiosa;;;;Plantae;8087525;191;FALSE;FALSE;FALSE;FALSE
244;Centaurea solstitialis;;;;Plantae;3128888;7;FALSE;FALSE;FALSE;FALSE
246;Centaurium erythraea;;;;Plantae;5414457;2936;FALSE;FALSE;FALSE;FALSE
248;Centromerus serratus;;;;Animalia;2138614;11;FALSE;FALSE;TRUE;FALSE
249;Ceraleptus gracilicornis;;;;Animalia;2050012;19;FALSE;FALSE;FALSE;FALSE
250;Cerastium fontanum;;;;Plantae;3085458;7416;FALSE;FALSE;FALSE;FALSE
251;Ceratinella brevis;;;;Animalia;2138341;367;FALSE;FALSE;TRUE;FALSE
253;Cettia cetti;;;;Animalia;2493012;4202;FALSE;FALSE;TRUE;FALSE
255;Chaerophyllum temulum;;;;Plantae;3034650;3015;FALSE;FALSE;FALSE;FALSE
256;Chaetocnema concinna;;;;Animalia;4990532;8;FALSE;FALSE;FALSE;FALSE
257;Chaetocnema hortensis;;;;Animalia;5752377;6;FALSE;FALSE;FALSE;FALSE
258;Chaetopteryx villosa;;;;Animalia;1442307;14;FALSE;FALSE;FALSE;FALSE
259;Chelidonium majus;;;;Plantae;5334186;5844;FALSE;FALSE;FALSE;FALSE
260;Chenopodium album;;;;Plantae;3083838;5743;FALSE;FALSE;FALSE;FALSE
261;Chilocorus renipustulatus;;;;Animalia;4452277;333;FALSE;FALSE;TRUE;FALSE
262;Chloris chloris;;;;Animalia;5845582;13603;FALSE;FALSE;FALSE;FALSE
263;Chloromyia formosa;;;;Animalia;1576923;7;FALSE;FALSE;FALSE;FALSE
265;Chorthippus albomarginatus;;;;Animalia;1708567;932;FALSE;FALSE;TRUE;FALSE
266;Chorthippus biguttulus;;;;Animalia;1708251;5077;FALSE;FALSE;TRUE;FALSE
267;Chorthippus dorsatus;;;;Animalia;1708512;16;FALSE;FALSE;FALSE;FALSE
268;Cicadella viridis;;;;Animalia;6260393;1309;FALSE;FALSE;FALSE;FALSE
269;Cicadula quadrinotata;;;;Animalia;6096828;13;FALSE;FALSE;FALSE;FALSE
270;Cichorium intybus;;;;Plantae;5392252;1387;FALSE;FALSE;FALSE;FALSE
271;Cicindela campestris;;;;Animalia;4480485;30;FALSE;FALSE;TRUE;FALSE
272;Circaea lutetiana;;;;Plantae;3188794;3310;FALSE;FALSE;FALSE;FALSE
273;Cirsium acaule;;;;Plantae;3112799;45;FALSE;FALSE;FALSE;FALSE
274;Cirsium arvense;;;;Plantae;3113414;8954;FALSE;FALSE;FALSE;FALSE
275;Cirsium dissectum;;;;Plantae;3113784;41;FALSE;FALSE;FALSE;FALSE
276;Cirsium eriophorum;;;;Plantae;3112620;15;FALSE;FALSE;FALSE;FALSE
277;Cirsium oleraceum;;;;Plantae;3113650;2760;FALSE;FALSE;FALSE;FALSE
278;Cirsium palustre;;;;Plantae;3113239;6119;FALSE;FALSE;FALSE;FALSE
279;Cirsium vulgare;;;;Plantae;3112801;7746;FALSE;FALSE;FALSE;FALSE
281;Clematis vitalba;;;;Plantae;3033558;1807;FALSE;FALSE;FALSE;FALSE
283;Clinopodium acinos;;;;Plantae;2927118;61;FALSE;FALSE;FALSE;FALSE
284;Clinopodium nepeta;;;;Plantae;8916040;86;FALSE;FALSE;FALSE;FALSE
285;Clinopodium vulgare;;;;Plantae;2926945;461;FALSE;FALSE;FALSE;FALSE
286;Cloeon simile;;;;Animalia;4481169;10;FALSE;FALSE;FALSE;FALSE
287;Clubiona pallidula;;;;Animalia;2143922;80;FALSE;FALSE;TRUE;FALSE
288;Clytus arietis;;;;Animalia;7994366;157;FALSE;FALSE;FALSE;FALSE
289;Coccinella septempunctata;;;;Animalia;4990191;3810;FALSE;FALSE;TRUE;FALSE
290;Coccothraustes coccothraustes;;;;Animalia;2494329;7112;FALSE;FALSE;TRUE;FALSE
292;Coenonympha pamphilus;;;;Animalia;1911461;6855;FALSE;FALSE;TRUE;FALSE
293;Colchicum autumnale;;;;Plantae;2739622;431;FALSE;FALSE;FALSE;FALSE
294;Colletes (Colletes) hederae;;;;Animalia;1348914;1661;FALSE;FALSE;FALSE;FALSE
295;Colletes daviesanus;;;;Animalia;1348620;1425;FALSE;FALSE;FALSE;FALSE
296;Colletes fodiens;;;;Animalia;1348658;124;FALSE;FALSE;FALSE;FALSE
297;Colletes hederae;;;;Animalia;1348914;1661;FALSE;FALSE;FALSE;FALSE
298;Colletes succinctus;;;;Animalia;1348704;433;FALSE;FALSE;FALSE;FALSE
299;Coloeus monedula;;;;Animalia;6100954;13902;FALSE;FALSE;FALSE;FALSE
301;Columba oenas;;;;Animalia;2495471;12396;FALSE;FALSE;TRUE;FALSE
302;Columba palumbus;;;;Animalia;2495455;15277;FALSE;FALSE;TRUE;FALSE
304;Comarum palustre;;;;Plantae;3020532;1582;FALSE;FALSE;FALSE;FALSE
305;Conium maculatum;;;;Plantae;3034807;1742;FALSE;FALSE;FALSE;FALSE
306;Conocephalus dorsalis;;;;Animalia;1683331;2535;FALSE;FALSE;TRUE;FALSE
307;Convolvulus arvensis;;;;Plantae;2928390;4024;FALSE;FALSE;FALSE;FALSE
308;Conyza sumatrensis;;;;Plantae;8334709;1324;FALSE;FALSE;FALSE;FALSE
313;Coriomeris denticulatus;;;;Animalia;2050067;102;FALSE;FALSE;FALSE;FALSE
314;Cornus mas;;;;Plantae;3082263;98;FALSE;FALSE;FALSE;FALSE
315;Cornus sanguinea;;;;Plantae;3082234;3298;FALSE;FALSE;FALSE;FALSE
318;Corvus corax;;;;Animalia;2482492;466;FALSE;FALSE;TRUE;FALSE
319;Corvus cornix;;;;Animalia;2482515;300;FALSE;FALSE;FALSE;FALSE
320;Corvus corone;;;;Animalia;9409796;14927;FALSE;FALSE;TRUE;FALSE
321;Corvus frugilegus;;;;Animalia;2482513;8944;FALSE;FALSE;TRUE;FALSE
322;Corylus avellana;;;;Plantae;2875979;6780;FALSE;FALSE;FALSE;FALSE
327;Crataegus monogyna;;;;Plantae;9220780;6631;FALSE;FALSE;FALSE;FALSE
328;Crepis biennis;;;;Plantae;5403531;685;FALSE;FALSE;FALSE;FALSE
329;Crepis capillaris;;;;Plantae;5403304;6114;FALSE;FALSE;FALSE;FALSE
330;Crepis paludosa;;;;Plantae;5403296;435;FALSE;FALSE;FALSE;FALSE
332;Crepis vesicaria;;;;Plantae;5403709;1509;FALSE;FALSE;FALSE;FALSE
333;Cricotopus bicinctus;;;;Animalia;1454181;9;FALSE;FALSE;FALSE;FALSE
334;Crithmum maritimum;;;;Plantae;3632234;123;FALSE;FALSE;FALSE;FALSE
338;Ctenichneumon panzeri;;;;Animalia;1288136;74;FALSE;FALSE;FALSE;FALSE
339;Ctenocephalides felis;;;;Animalia;1419472;22;FALSE;FALSE;FALSE;FALSE
343;Curculio glandium;;;;Animalia;5011181;11;FALSE;FALSE;FALSE;FALSE
344;Cuscuta epithymum;;;;Plantae;2927518;502;FALSE;FALSE;FALSE;FALSE
345;Cyanistes caeruleus;;;;Animalia;2487879;14359;FALSE;FALSE;FALSE;FALSE
347;Cydia pomonella;;;;Animalia;1737847;8;FALSE;FALSE;FALSE;FALSE
348;Cymbalaria muralis;;;;Plantae;8200663;2829;FALSE;FALSE;FALSE;FALSE
350;Cynips divisa;;;;Animalia;1309671;366;FALSE;FALSE;FALSE;FALSE
351;Cynips longiventris;;;;Animalia;4496917;812;FALSE;FALSE;FALSE;FALSE
352;Cynips quercusfolii;;;;Animalia;4496895;969;FALSE;FALSE;FALSE;FALSE
355;Cynosurus cristatus;;;;Plantae;2704395;3514;FALSE;FALSE;FALSE;FALSE
356;Cytisus scoparius;;;;Plantae;5354656;5672;FALSE;FALSE;FALSE;FALSE
357;Dactylis glomerata;;;;Plantae;2705308;7590;FALSE;FALSE;FALSE;FALSE
358;Dactylorhiza fuchsii;;;;Plantae;2810677;1406;FALSE;FALSE;FALSE;FALSE
359;Dactylorhiza praetermissa;;;;Plantae;7631065;825;FALSE;FALSE;FALSE;FALSE
360;Dalopius marginatus;;;;Animalia;4428376;9;FALSE;FALSE;FALSE;FALSE
362;Daucus carota;;;;Plantae;3034742;6756;FALSE;FALSE;FALSE;FALSE
363;Dendrocopos major;;;;Animalia;2477968;14212;FALSE;FALSE;TRUE;FALSE
364;Dendrocopos medius;;;;Animalia;2478026;39;FALSE;FALSE;TRUE;FALSE
365;Dendrocoptes medius;;;;Animalia;8773033;3443;FALSE;FALSE;FALSE;FALSE
366;Derephysia (Derephysia) foliacea;;;;Animalia;4489029;13;FALSE;FALSE;FALSE;FALSE
367;Deschampsia cespitosa;;;;Plantae;8059811;3528;FALSE;FALSE;FALSE;FALSE
368;Dianthus carthusianorum;;;;Plantae;8400876;21;FALSE;FALSE;FALSE;FALSE
370;Diatoma vulgaris;;;;Chromista;6754458;6;FALSE;FALSE;FALSE;FALSE
371;Dicranopalpus ramosus;;;;Animalia;4553430;7;FALSE;FALSE;FALSE;FALSE
372;Dicranotropis hamata;;;;Animalia;2055185;22;FALSE;FALSE;FALSE;FALSE
373;Dicymbium nigrum;;;;Animalia;2137898;517;FALSE;FALSE;TRUE;FALSE
374;Dicyphus globulifer;;;;Animalia;6096742;17;FALSE;FALSE;FALSE;FALSE
375;Digitalis purpurea;;;;Plantae;5414995;2695;FALSE;FALSE;FALSE;FALSE
376;Diplazon laetatorius;;;;Animalia;5025857;60;FALSE;FALSE;FALSE;FALSE
377;Diplocephalus picinus;;;;Animalia;2137822;503;FALSE;FALSE;TRUE;FALSE
378;Diplostyla concolor;;;;Animalia;2134314;739;FALSE;FALSE;TRUE;FALSE
379;Diplotaxis muralis;;;;Plantae;5376337;453;FALSE;FALSE;FALSE;FALSE
380;Diplotaxis tenuifolia;;;;Plantae;5376426;1519;FALSE;FALSE;FALSE;FALSE
382;Dipsacus pilosus;;;;Plantae;4102733;597;FALSE;FALSE;FALSE;FALSE
385;Dolichovespula saxonica;;;;Animalia;1311805;106;FALSE;FALSE;FALSE;FALSE
387;Dolycoris baccarum;;;;Animalia;4485824;1726;FALSE;FALSE;FALSE;FALSE
388;Dorcus parallelipipedus;;;;Animalia;5743112;97;FALSE;FALSE;TRUE;FALSE
389;Drosera rotundifolia;;;;Plantae;3191030;944;FALSE;FALSE;FALSE;FALSE
390;Drusilla canaliculata;;;;Animalia;4989733;8;FALSE;FALSE;FALSE;FALSE
391;Dufouriellus ater;;;;Animalia;2020782;6;FALSE;FALSE;FALSE;FALSE
394;Echium vulgare;;;;Plantae;2925892;1883;FALSE;FALSE;FALSE;FALSE
395;Ectemnius continuus;;;;Animalia;4494950;216;FALSE;FALSE;FALSE;FALSE
398;Elymus repens;;;;Plantae;5290299;4817;FALSE;FALSE;FALSE;FALSE
399;Emberiza cirlus;;;;Animalia;7626513;49;FALSE;FALSE;TRUE;FALSE
403;Epilobium hirsutum;;;;Plantae;3189172;6624;FALSE;FALSE;FALSE;FALSE
404;Epipactis helleborine;;;;Plantae;8998684;5886;FALSE;FALSE;FALSE;FALSE
405;Epipactis palustris;;;;Plantae;5319226;433;FALSE;FALSE;FALSE;FALSE
406;Episyrphus balteatus;;;;Animalia;1536449;40;FALSE;FALSE;TRUE;FALSE
407;Equisetum telmateia;;;;Plantae;2687943;1683;FALSE;FALSE;FALSE;FALSE
410;Erica cinerea;;;;Plantae;5333411;369;FALSE;FALSE;FALSE;FALSE
411;Erica tetralix;;;;Plantae;5333412;2110;FALSE;FALSE;FALSE;FALSE
415;Erigonella hiemalis;;;;Animalia;2137539;51;FALSE;FALSE;TRUE;FALSE
416;Erinaceus europaeus;;;;Animalia;5219616;28;FALSE;FALSE;TRUE;FALSE
417;Eriobotrya japonica;;;;Plantae;3024146;19;FALSE;FALSE;FALSE;FALSE
418;Eristalis tenax;;;;Animalia;1541217;54;FALSE;FALSE;TRUE;FALSE
419;Erithacus rubecula;;;;Animalia;2492462;14444;FALSE;FALSE;TRUE;FALSE
420;Erodium cicutarium;;;;Plantae;9485490;3713;FALSE;FALSE;FALSE;FALSE
421;Eruca vesicaria;;;;Plantae;5375920;84;FALSE;FALSE;FALSE;FALSE
423;Eryngium campestre;;;;Plantae;3034426;111;FALSE;FALSE;FALSE;FALSE
424;Eryngium maritimum;;;;Plantae;3034391;337;FALSE;FALSE;FALSE;FALSE
428;Esox lucius;;;;Animalia;2346633;1413;FALSE;FALSE;TRUE;FALSE
429;Eunotia bilunaris;;;;Chromista;7736710;11;FALSE;FALSE;FALSE;FALSE
431;Euonymus fortunei;;;;Plantae;3169137;85;FALSE;FALSE;FALSE;FALSE
433;Euophrys frontalis;;;;Animalia;5172110;290;FALSE;FALSE;TRUE;FALSE
434;Eupatorium cannabinum;;;;Plantae;5402943;6993;FALSE;FALSE;FALSE;FALSE
435;Euphorbia amygdaloides;;;;Plantae;3065239;104;FALSE;FALSE;FALSE;FALSE
438;Euphorbia paralias;;;;Plantae;3069761;329;FALSE;FALSE;FALSE;FALSE
439;Euphorbia peplus;;;;Plantae;3066386;2520;FALSE;FALSE;FALSE;FALSE
440;Euphrasia officinalis;;;;Plantae;8106874;24;FALSE;FALSE;FALSE;FALSE
442;Euplectrus bicolor;;;;Animalia;1385950;8;FALSE;FALSE;FALSE;FALSE
443;Eurydema oleracea;;;;Animalia;4485898;981;FALSE;FALSE;FALSE;FALSE
445;Euscelis incisus;;;;Animalia;8929628;112;FALSE;FALSE;FALSE;FALSE
447;Eysarcoris venustissimus;;;;Animalia;4485952;397;FALSE;FALSE;FALSE;FALSE
449;Fagus sylvatica;;;;Plantae;2882316;3569;FALSE;FALSE;FALSE;FALSE
450;Falco subbuteo;;;;Animalia;2481035;10608;FALSE;FALSE;TRUE;FALSE
451;Fallopia convolvulus;;;;Plantae;6391461;3297;FALSE;FALSE;FALSE;FALSE
453;Favonius quercus;;;;Animalia;4535180;4296;FALSE;FALSE;TRUE;FALSE
456;Ficaria verna;;;;Plantae;9094061;7120;FALSE;FALSE;FALSE;FALSE
457;Ficedula hypoleuca;;;;Animalia;2492606;4001;FALSE;FALSE;TRUE;FALSE
459;Filipendula ulmaria;;;;Plantae;2987999;6932;FALSE;FALSE;FALSE;FALSE
461;Fomes fomentarius;;;;Fungi;8068867;26;FALSE;FALSE;FALSE;FALSE
462;Forficula auricularia;;;;Animalia;1419845;1331;FALSE;FALSE;FALSE;FALSE
463;Formica fusca;;;;Animalia;1314881;1816;FALSE;FALSE;TRUE;FALSE
466;Fragaria ananassa ex;;;;Plantae;3029912;71;FALSE;FALSE;FALSE;FALSE
467;Fragaria vesca;;;;Plantae;3029817;1925;FALSE;FALSE;FALSE;FALSE
468;Frangula alnus;;;;Plantae;3039454;4363;FALSE;FALSE;FALSE;FALSE
469;Fraxinus excelsior;;;;Plantae;3172358;6416;FALSE;FALSE;FALSE;FALSE
470;Fringilla coelebs;;;;Animalia;2494422;15535;FALSE;FALSE;TRUE;FALSE
471;Fringilla montifringilla;;;;Animalia;2494441;10733;FALSE;FALSE;TRUE;FALSE
476;Galium album;;;;Plantae;2913931;11;FALSE;FALSE;FALSE;FALSE
477;Galium aparine;;;;Plantae;2913548;8160;FALSE;FALSE;FALSE;FALSE
478;Galium mollugo;;;;Plantae;9039392;3362;FALSE;FALSE;FALSE;FALSE
479;Galium odoratum;;;;Plantae;2914642;471;FALSE;FALSE;FALSE;FALSE
480;Galium palustre;;;;Plantae;2913130;5067;FALSE;FALSE;FALSE;FALSE
481;Galium saxatile;;;;Plantae;2914547;742;FALSE;FALSE;FALSE;FALSE
482;Galium verum;;;;Plantae;9063248;1192;FALSE;FALSE;FALSE;FALSE
483;Gallinula chloropus;;;;Animalia;5228199;12625;FALSE;FALSE;TRUE;FALSE
485;Gargara genistae;;;;Animalia;2023121;24;FALSE;FALSE;FALSE;FALSE
486;Garrulus glandarius;;;;Animalia;5229493;13566;FALSE;FALSE;TRUE;FALSE
487;Genista anglica;;;;Plantae;5347644;1502;FALSE;FALSE;FALSE;FALSE
488;Geostiba circellaris;;;;Animalia;1041768;7;FALSE;FALSE;FALSE;FALSE
489;Geranium dissectum;;;;Plantae;2890040;4454;FALSE;FALSE;FALSE;FALSE
492;Geranium molle;;;;Plantae;2891488;5627;FALSE;FALSE;FALSE;FALSE
494;Geranium pratense;;;;Plantae;2891304;187;FALSE;FALSE;FALSE;FALSE
496;Geranium robertianum;;;;Plantae;2890668;6893;FALSE;FALSE;FALSE;FALSE
497;Geranium rotundifolium;;;;Plantae;2891031;352;FALSE;FALSE;FALSE;FALSE
498;Geranium sanguineum;;;;Plantae;2890920;38;FALSE;FALSE;FALSE;FALSE
499;Geranium sylvaticum;;;;Plantae;2891147;32;FALSE;FALSE;FALSE;FALSE
500;Geum urbanum;;;;Plantae;5369652;6006;FALSE;FALSE;FALSE;FALSE
503;Glebionis segetum;;;;Plantae;3141101;854;FALSE;FALSE;FALSE;FALSE
504;Glechoma hederacea;;;;Plantae;2926557;8719;FALSE;FALSE;FALSE;FALSE
507;Gonocerus acuteangulatus;;;;Animalia;4390084;893;FALSE;FALSE;FALSE;FALSE
508;Grammoptera ruficornis;;;;Animalia;4458797;116;FALSE;FALSE;FALSE;FALSE
510;Graphosoma italicum;;;;Animalia;7437802;3424;FALSE;FALSE;FALSE;FALSE
512;Habrocerus capillaricornis;;;;Animalia;4440583;17;FALSE;FALSE;FALSE;FALSE
514;Hahnia pusilla;;;;Animalia;5168802;145;FALSE;FALSE;TRUE;FALSE
516;Halictus rubicundus;;;;Animalia;1353453;950;FALSE;FALSE;FALSE;FALSE
518;Harmonia quadripunctata;;;;Animalia;1043118;504;FALSE;FALSE;TRUE;FALSE
520;Hedera helix;;;;Plantae;8351737;7040;FALSE;FALSE;FALSE;FALSE
521;Helianthemum nummularium;;;;Plantae;8890062;171;FALSE;FALSE;FALSE;FALSE
525;Helleborus foetidus;;;;Plantae;6375040;40;FALSE;FALSE;FALSE;FALSE
526;Helminthotheca echioides;;;;Plantae;3141855;1445;FALSE;FALSE;FALSE;FALSE
527;Helophilus pendulus;;;;Animalia;5071352;16;FALSE;FALSE;TRUE;FALSE
530;Heracleum sphondylium;;;;Plantae;3034830;8193;FALSE;FALSE;FALSE;FALSE
532;Heterocordylus tibialis;;;;Animalia;4488141;25;FALSE;FALSE;FALSE;FALSE
534;Hieraaetus pennatus;;;;Animalia;2480685;105;FALSE;FALSE;FALSE;FALSE
535;Hieracium umbellatum;;;;Plantae;3135329;3603;FALSE;FALSE;FALSE;FALSE
536;Himacerus apterus;;;;Animalia;2021041;568;FALSE;FALSE;FALSE;FALSE
537;Himacerus mirmicoides;;;;Animalia;4487069;619;FALSE;FALSE;FALSE;FALSE
538;Hippodamia variegata;;;;Animalia;1043082;638;FALSE;FALSE;TRUE;FALSE
539;Holcus lanatus;;;;Plantae;2706164;8373;FALSE;FALSE;FALSE;FALSE
541;Humulus lupulus;;;;Plantae;2984535;5464;FALSE;FALSE;FALSE;FALSE
543;Hyacinthoides non-scripta;;;;Plantae;5304283;1952;FALSE;FALSE;FALSE;FALSE
545;Hyadaphis foeniculi;;;;Animalia;2074115;15;FALSE;FALSE;FALSE;FALSE
546;Hydrangea arborescens;;;;Plantae;2985986;6;FALSE;FALSE;FALSE;FALSE
548;Hylaeus communis;;;;Animalia;1349795;709;FALSE;FALSE;FALSE;FALSE
549;Hylaeus cornutus;;;;Animalia;1349619;43;FALSE;FALSE;FALSE;FALSE
550;Hylaeus hyalinatus;;;;Animalia;1349638;671;FALSE;FALSE;FALSE;FALSE
551;Hylaeus pictipes;;;;Animalia;1349889;77;FALSE;FALSE;FALSE;FALSE
552;Hylaeus signatus;;;;Animalia;1349904;554;FALSE;FALSE;FALSE;FALSE
554;Hylotelephium telephium;;;;Plantae;2985865;914;FALSE;FALSE;FALSE;FALSE
555;Hyperaspis campestris;;;;Animalia;6097848;21;FALSE;FALSE;FALSE;FALSE
556;Hypericum androsaemum;;;;Plantae;3189525;121;FALSE;FALSE;FALSE;FALSE
558;Hypericum hirsutum;;;;Plantae;7921919;154;FALSE;FALSE;FALSE;FALSE
559;Hypericum maculatum;;;;Plantae;6437017;1015;FALSE;FALSE;FALSE;FALSE
560;Hypericum perforatum;;;;Plantae;3189486;7167;FALSE;FALSE;FALSE;FALSE
561;Hypericum pulchrum;;;;Plantae;3712747;852;FALSE;FALSE;FALSE;FALSE
562;Hypnum cupressiforme;;;;Plantae;2681972;6;FALSE;FALSE;FALSE;FALSE
563;Hypochaeris radicata;;;;Plantae;3093702;7633;FALSE;FALSE;FALSE;FALSE
565;Iassus lanio;;;;Animalia;2042177;153;FALSE;FALSE;FALSE;FALSE
566;Ichneumon sarcitorius;;;;Animalia;5030775;83;FALSE;FALSE;FALSE;FALSE
567;Ichneumon xanthorius;;;;Animalia;5030406;153;FALSE;FALSE;FALSE;FALSE
568;Ilex aquifolium;;;;Plantae;5414222;5857;FALSE;FALSE;FALSE;FALSE
572;Impatiens noli-tangere;;;;Plantae;2891779;227;FALSE;FALSE;FALSE;FALSE
574;Inachis io;;;;Animalia;5881450;102;FALSE;FALSE;TRUE;FALSE
575;Inermocoelotes inermis;;;;Animalia;7537556;229;FALSE;FALSE;FALSE;FALSE
579;Iris pseudacorus;;;;Plantae;5298231;7143;FALSE;FALSE;FALSE;FALSE
581;Ischnura elegans;;;;Animalia;1423395;102;FALSE;FALSE;TRUE;FALSE
582;Isodontia mexicana;;;;Animalia;1346919;18;FALSE;FALSE;FALSE;FALSE
584;Jacobaea vulgaris;;;;Plantae;5388602;7293;FALSE;FALSE;FALSE;FALSE
585;Jasione montana;;;;Plantae;8366345;2766;FALSE;FALSE;FALSE;FALSE
586;Javesella pellucida;;;;Animalia;2056749;111;FALSE;FALSE;FALSE;FALSE
588;Juncus maritimus;;;;Plantae;2701869;79;FALSE;FALSE;FALSE;FALSE
591;Kickxia elatine;;;;Plantae;3170819;335;FALSE;FALSE;FALSE;FALSE
592;Knautia arvensis;;;;Plantae;2888808;1652;FALSE;FALSE;FALSE;FALSE
594;Lacanobia oleracea;;;;Animalia;1759083;9;FALSE;FALSE;FALSE;FALSE
595;Lachnus roboris;;;;Animalia;2073990;27;FALSE;FALSE;FALSE;FALSE
597;Laetiporus sulphureus;;;;Fungi;9072021;18;FALSE;FALSE;FALSE;FALSE
598;Lamium album;;;;Plantae;2926683;7130;FALSE;FALSE;FALSE;FALSE
599;Lamium amplexicaule;;;;Plantae;2926679;1874;FALSE;FALSE;FALSE;FALSE
600;Lamium maculatum;;;;Plantae;2926684;444;FALSE;FALSE;FALSE;FALSE
601;Lamium purpureum;;;;Plantae;2926682;7340;FALSE;FALSE;FALSE;FALSE
602;Lampides boeticus;;;;Animalia;1924713;133;FALSE;FALSE;FALSE;FALSE
603;Laodelphax striatella;;;;Animalia;4489285;11;FALSE;FALSE;FALSE;FALSE
604;Lapsana communis;;;;Plantae;3134857;6252;FALSE;FALSE;FALSE;FALSE
605;Larinioides cornutus;;;;Animalia;2159204;96;FALSE;FALSE;TRUE;FALSE
606;Larinioides sclopetarius;;;;Animalia;2159209;8;FALSE;FALSE;TRUE;FALSE
608;Lasioglossum fulvicorne;;;;Animalia;1354651;469;FALSE;FALSE;FALSE;FALSE
609;Lasioglossum laevigatum;;;;Animalia;1354272;8;FALSE;FALSE;FALSE;FALSE
610;Lasioglossum morio;;;;Animalia;1354206;1081;FALSE;FALSE;FALSE;FALSE
611;Lasioglossum parvulum;;;;Animalia;1354342;119;FALSE;FALSE;FALSE;FALSE
613;Lathyrus nissolia;;;;Plantae;5356542;626;FALSE;FALSE;FALSE;FALSE
614;Lathyrus pratensis;;;;Plantae;5356701;4829;FALSE;FALSE;FALSE;FALSE
615;Lathyrus sylvestris;;;;Plantae;5356623;759;FALSE;FALSE;FALSE;FALSE
618;Lecanium corni;;;;Animalia;5758510;26;FALSE;FALSE;FALSE;FALSE
619;Leiopus femoratus;;;;Animalia;5999234;22;FALSE;FALSE;FALSE;FALSE
620;Leontodon hispidus;;;;Plantae;3137498;457;FALSE;FALSE;FALSE;FALSE
621;Leonurus cardiaca;;;;Plantae;5341389;326;FALSE;FALSE;FALSE;FALSE
622;Lepidium draba;;;;Plantae;5376961;525;FALSE;FALSE;FALSE;FALSE
624;Leptophyes punctatissima;;;;Animalia;1688020;3351;FALSE;FALSE;TRUE;FALSE
625;Leptura quadrifasciata;;;;Animalia;4458782;30;FALSE;FALSE;FALSE;FALSE
626;Lestica clypeata;;;;Animalia;4495031;69;FALSE;FALSE;FALSE;FALSE
627;Leucanthemum maximum;;;;Plantae;5401002;14;FALSE;FALSE;FALSE;FALSE
628;Leucanthemum vulgare;;;;Plantae;8848598;6156;FALSE;FALSE;FALSE;FALSE
630;Libellula depressa;;;;Animalia;1427883;76;FALSE;FALSE;TRUE;FALSE
634;Limonium vulgare;;;;Plantae;3082322;103;FALSE;FALSE;FALSE;FALSE
635;Linaria cannabina;;;;Animalia;8104397;11629;FALSE;FALSE;FALSE;FALSE
636;Linaria repens;;;;Plantae;5415019;56;FALSE;FALSE;FALSE;FALSE
637;Linaria vulgaris;;;;Plantae;5415020;5552;FALSE;FALSE;FALSE;FALSE
639;Linum catharticum;;;;Plantae;2873865;338;FALSE;FALSE;FALSE;FALSE
641;Linyphia hortensis;;;;Animalia;2136628;123;FALSE;FALSE;TRUE;FALSE
642;Liophloeus tessulatus;;;;Animalia;1184505;6;FALSE;FALSE;FALSE;FALSE
647;Longitarsus parvulus;;;;Animalia;5752496;10;FALSE;FALSE;FALSE;FALSE
650;Lophophanes cristatus;;;;Animalia;2487883;7403;FALSE;FALSE;FALSE;FALSE
651;Loricera pilicornis;;;;Animalia;1035290;8;FALSE;FALSE;TRUE;FALSE
652;Loricula elegantula;;;;Animalia;5759035;10;FALSE;FALSE;FALSE;FALSE
653;Lotus corniculatus;;;;Plantae;5357013;4864;FALSE;FALSE;TRUE;FALSE
654;Lotus pedunculatus;;;;Plantae;5356854;6155;FALSE;FALSE;FALSE;FALSE
660;Lycaena phlaeas;;;;Animalia;1929697;10792;FALSE;FALSE;TRUE;FALSE
661;Lycopus europaeus;;;;Plantae;5341478;6838;FALSE;FALSE;FALSE;FALSE
662;Lygus pratensis;;;;Animalia;8380159;823;FALSE;FALSE;FALSE;FALSE
663;Lygus rugulipennis;;;;Animalia;2010575;297;FALSE;FALSE;FALSE;FALSE
664;Lymantria dispar;;;;Animalia;1820406;10;FALSE;FALSE;FALSE;FALSE
665;Lysimachia vulgaris;;;;Plantae;3169386;6194;FALSE;FALSE;FALSE;FALSE
667;Lythrum salicaria;;;;Plantae;3188736;6375;FALSE;FALSE;FALSE;FALSE
669;Macrargus rufus;;;;Animalia;2138039;609;FALSE;FALSE;TRUE;FALSE
670;Macrodiplosis pustularis;;;;Animalia;4521830;7;FALSE;FALSE;FALSE;FALSE
671;Macroglossum stellatarum;;;;Animalia;1864652;34;FALSE;FALSE;FALSE;FALSE
672;Macrosiphum (Macrosiphum) rosae;;;;Animalia;2077659;71;FALSE;FALSE;FALSE;FALSE
673;Macrosteles laevis;;;;Animalia;2039616;9;FALSE;FALSE;FALSE;FALSE
674;Malachius bipustulatus;;;;Animalia;4449375;22;FALSE;FALSE;FALSE;FALSE
675;Malus sylvestris;;;;Plantae;3001509;572;FALSE;FALSE;FALSE;FALSE
676;Malva moschata;;;;Plantae;3152379;2071;FALSE;FALSE;FALSE;FALSE
677;Malva multiflora;;;;Plantae;3933415;17;FALSE;FALSE;FALSE;FALSE
679;Malva sylvestris;;;;Plantae;3152374;3570;FALSE;FALSE;FALSE;FALSE
681;Maniola jurtina;;;;Animalia;5135513;13559;FALSE;FALSE;TRUE;FALSE
682;Mantis religiosa;;;;Animalia;6258028;13;FALSE;FALSE;FALSE;FALSE
683;Marrubium vulgare;;;;Plantae;2927069;15;FALSE;FALSE;FALSE;FALSE
684;Martes foina;;;;Animalia;5218887;21;FALSE;FALSE;TRUE;FALSE
686;Matricaria chamomilla;;;;Plantae;8370958;5461;FALSE;FALSE;FALSE;FALSE
689;Meconema thalassinum;;;;Animalia;1690432;2273;FALSE;FALSE;TRUE;FALSE
690;Medicago falcata;;;;Plantae;2965354;330;FALSE;FALSE;FALSE;FALSE
691;Medicago lupulina;;;;Plantae;2965201;5705;FALSE;FALSE;FALSE;FALSE
694;Megachile centuncularis;;;;Animalia;1335505;1180;FALSE;FALSE;FALSE;FALSE
695;Megachile pilidens;;;;Animalia;1335229;6;FALSE;FALSE;FALSE;FALSE
696;Megachile rotundata;;;;Animalia;1335648;149;FALSE;FALSE;FALSE;FALSE
698;Melica uniflora;;;;Plantae;4116392;625;FALSE;FALSE;FALSE;FALSE
700;Melilotus altissimus;;;;Plantae;2971042;539;FALSE;FALSE;FALSE;FALSE
703;Mentha aquatica;;;;Plantae;2927208;5363;FALSE;FALSE;FALSE;FALSE
704;Mentha arvensis;;;;Plantae;2927192;929;FALSE;FALSE;FALSE;FALSE
705;Mentha longifolia;;;;Plantae;2927177;8;FALSE;FALSE;FALSE;FALSE
706;Mentha pulegium;;;;Plantae;2927189;32;FALSE;FALSE;FALSE;FALSE
707;Mentha spicata;;;;Plantae;2927175;118;FALSE;FALSE;FALSE;FALSE
708;Mentha suaveolens;;;;Plantae;2927190;530;FALSE;FALSE;FALSE;FALSE
709;Menyanthes trifoliata;;;;Plantae;5341511;1032;FALSE;FALSE;FALSE;FALSE
710;Mercurialis perennis;;;;Plantae;3063016;723;FALSE;FALSE;FALSE;FALSE
711;Meripilus giganteus;;;;Fungi;2540761;10;FALSE;FALSE;FALSE;FALSE
712;Merodon equestris;;;;Animalia;1544340;6;FALSE;FALSE;TRUE;FALSE
713;Mesembrina meridiana;;;;Animalia;1525771;6;FALSE;FALSE;FALSE;FALSE
714;Mesoneura opaca;;;;Animalia;4492144;14;FALSE;FALSE;FALSE;FALSE
715;Metellina mengei;;;;Animalia;2151598;368;FALSE;FALSE;TRUE;FALSE
716;Metellina segmentata;;;;Animalia;2151597;266;FALSE;FALSE;TRUE;FALSE
717;Micrargus apertus;;;;Animalia;2135272;7;FALSE;FALSE;TRUE;FALSE
718;Microneta viaria;;;;Animalia;2134854;551;FALSE;FALSE;TRUE;FALSE
721;Mocyta fungi;;;;Animalia;1042443;7;FALSE;FALSE;FALSE;FALSE
722;Molorchus umbellatarum;;;;Animalia;8138668;14;FALSE;FALSE;FALSE;FALSE
723;Monocephalus fuscipes;;;;Animalia;2134187;471;FALSE;FALSE;TRUE;FALSE
724;Montia fontana;;;;Plantae;9004024;34;FALSE;FALSE;FALSE;FALSE
725;Mormo maura;;;;Animalia;1761735;8;FALSE;FALSE;FALSE;FALSE
731;Myodes glareolus;;;;Animalia;5706764;10;FALSE;FALSE;TRUE;FALSE
732;Myosotis arvensis;;;;Plantae;5341170;3457;FALSE;FALSE;FALSE;FALSE
733;Myosotis scorpioides;;;;Plantae;5341184;3008;FALSE;FALSE;FALSE;FALSE
734;Myosotis sylvatica;;;;Plantae;5341175;1214;FALSE;FALSE;FALSE;FALSE
735;Myosoton aquaticum;;;;Plantae;3085313;2810;FALSE;FALSE;FALSE;FALSE
738;Myrica gale;;;;Plantae;5414202;1305;FALSE;FALSE;FALSE;FALSE
739;Myrmica rubra;;;;Animalia;1318874;2739;FALSE;FALSE;TRUE;FALSE
740;Myzus (Myzus) cerasi;;;;Animalia;10639820;80;FALSE;FALSE;FALSE;FALSE
741;Myzus cerasi;;;;Animalia;10639820;80;FALSE;FALSE;FALSE;FALSE
742;Myzus persicae;;;;Animalia;2076179;27;FALSE;FALSE;FALSE;FALSE
743;Nabis brevis;;;;Animalia;4487089;19;FALSE;FALSE;FALSE;FALSE
744;Nabis ferus;;;;Animalia;2021010;30;FALSE;FALSE;FALSE;FALSE
745;Nabis pseudoferus;;;;Animalia;4487083;12;FALSE;FALSE;FALSE;FALSE
746;Narcissus pseudonarcissus;;;;Plantae;2858244;1029;FALSE;FALSE;FALSE;FALSE
747;Nardus stricta;;;;Plantae;2702717;926;FALSE;FALSE;FALSE;FALSE
748;Nebria brevicollis;;;;Animalia;1035578;12;FALSE;FALSE;TRUE;FALSE
749;Nematus tibialis;;;;Animalia;4491358;19;FALSE;FALSE;FALSE;FALSE
751;Nemophila menziesii;;;;Plantae;2928026;10;FALSE;FALSE;FALSE;FALSE
752;Neon reticulatus;;;;Animalia;2171782;78;FALSE;FALSE;TRUE;FALSE
753;Neophilaenus campestris;;;;Animalia;4482781;9;FALSE;FALSE;FALSE;FALSE
754;Neoscona adianta;;;;Animalia;2158851;49;FALSE;FALSE;TRUE;FALSE
755;Neovison vison;;;;Animalia;2433652;34;FALSE;FALSE;FALSE;FALSE
756;Nepeta cataria;;;;Plantae;5341499;49;FALSE;FALSE;FALSE;FALSE
757;Nerium oleander;;;;Plantae;3169756;8;FALSE;FALSE;FALSE;FALSE
758;Neuroterus albipes;;;;Animalia;4496799;894;FALSE;FALSE;FALSE;FALSE
759;Neuroterus anthracinus;;;;Animalia;4496851;454;FALSE;FALSE;FALSE;FALSE
760;Neuroterus numismalis;;;;Animalia;1309691;926;FALSE;FALSE;FALSE;FALSE
761;Neuroterus quercusbaccarum;;;;Animalia;1309692;1170;FALSE;FALSE;FALSE;FALSE
762;Neurotoma saltuum;;;;Animalia;4492282;44;FALSE;FALSE;FALSE;FALSE
763;Nezara viridula;;;;Animalia;2078852;174;FALSE;FALSE;FALSE;FALSE
766;Noctua pronuba;;;;Animalia;1789695;31;FALSE;FALSE;FALSE;FALSE
767;Nomada fabriciana;;;;Animalia;1343441;871;FALSE;FALSE;FALSE;FALSE
768;Nomada flava;;;;Animalia;1343896;1802;FALSE;FALSE;FALSE;FALSE
769;Nomada flavoguttata;;;;Animalia;1344004;537;FALSE;FALSE;FALSE;FALSE
770;Nomada goodeniana;;;;Animalia;1343694;901;FALSE;FALSE;FALSE;FALSE
771;Nomada marshamella;;;;Animalia;1343878;197;FALSE;FALSE;FALSE;FALSE
772;Nomada panzeri;;;;Animalia;1343704;868;FALSE;FALSE;FALSE;FALSE
773;Nomada ruficornis;;;;Animalia;1343608;931;FALSE;FALSE;FALSE;FALSE
774;Notiophilus rufipes;;;;Animalia;5023058;9;FALSE;FALSE;TRUE;FALSE
775;Notostira elongata;;;;Animalia;4487326;541;FALSE;FALSE;FALSE;FALSE
776;Nuphar lutea;;;;Plantae;7551339;1633;FALSE;FALSE;FALSE;FALSE
777;Nymphaea alba;;;;Plantae;2882437;1029;FALSE;FALSE;FALSE;FALSE
780;Nymphoides peltata;;;;Plantae;8810827;460;FALSE;FALSE;FALSE;FALSE
781;Nysius ericae;;;;Animalia;4486356;6;FALSE;FALSE;FALSE;FALSE
782;Nysius senecionis;;;;Animalia;4486367;158;FALSE;FALSE;FALSE;FALSE
783;Ochlodes sylvanus;;;;Animalia;1946844;10002;FALSE;FALSE;TRUE;FALSE
785;Ocypus brunnipes;;;;Animalia;5746165;6;FALSE;FALSE;FALSE;FALSE
786;Ocypus olens;;;;Animalia;5746121;24;FALSE;FALSE;FALSE;FALSE
787;Odontites vernus;;;;Plantae;8971475;1134;FALSE;FALSE;FALSE;FALSE
788;Oenanthe crocata;;;;Plantae;6027319;38;FALSE;FALSE;FALSE;FALSE
790;Oenanthe silaifolia;;;;Plantae;6027222;118;FALSE;FALSE;FALSE;FALSE
791;Oenopia conglobata;;;;Animalia;5877911;384;FALSE;FALSE;TRUE;FALSE
797;Oniscus asellus;;;;Animalia;5176315;20;FALSE;FALSE;FALSE;FALSE
799;Ononis spinosa;;;;Plantae;2977149;1223;FALSE;FALSE;FALSE;FALSE
800;Opisthograptis luteolata;;;;Animalia;1960617;10;FALSE;FALSE;FALSE;FALSE
801;Orgyia antiqua;;;;Animalia;1819873;8;FALSE;FALSE;FALSE;FALSE
802;Origanum vulgare;;;;Plantae;2926612;2223;FALSE;FALSE;FALSE;FALSE
804;Orius niger;;;;Animalia;2020894;29;FALSE;FALSE;FALSE;FALSE
805;Ornithogalum umbellatum;;;;Plantae;2773448;2583;FALSE;FALSE;FALSE;FALSE
806;Orobanche hederae;;;;Plantae;3733128;208;FALSE;FALSE;FALSE;FALSE
807;Orthops basalis;;;;Animalia;5759067;177;FALSE;FALSE;FALSE;FALSE
808;Orthops kalmii;;;;Animalia;9660344;8;FALSE;FALSE;FALSE;FALSE
809;Orthotylus virescens;;;;Animalia;4488119;6;FALSE;FALSE;FALSE;FALSE
811;Osmia caerulescens;;;;Animalia;5039096;827;FALSE;FALSE;FALSE;FALSE
812;Osmia cornuta;;;;Animalia;5039293;4962;FALSE;FALSE;FALSE;FALSE
813;Osmia rufa;;;;Animalia;5039314;3817;FALSE;FALSE;FALSE;FALSE
814;Oulema duftschmidi;;;;Animalia;4461542;8;FALSE;FALSE;FALSE;FALSE
815;Oulema gallaeciana;;;;Animalia;4461547;10;FALSE;FALSE;FALSE;FALSE
821;Palomena prasina;;;;Animalia;4485776;3080;FALSE;FALSE;FALSE;FALSE
822;Panorpa cognata;;;;Animalia;5742524;159;FALSE;FALSE;FALSE;FALSE
823;Panorpa communis;;;;Animalia;5742495;2407;FALSE;FALSE;FALSE;FALSE
824;Panorpa germanica;;;;Animalia;5742496;1194;FALSE;FALSE;FALSE;FALSE
825;Papaver orientale;;;;Plantae;2888437;30;FALSE;FALSE;FALSE;FALSE
826;Papaver rhoeas;;;;Plantae;2888443;4530;FALSE;FALSE;FALSE;FALSE
827;Papaver somniferum;;;;Plantae;2888439;759;FALSE;FALSE;FALSE;FALSE
828;Papilio machaon;;;;Animalia;8225376;8975;FALSE;FALSE;TRUE;FALSE
830;Paracorymbia fulva;;;;Animalia;1143990;63;FALSE;FALSE;FALSE;FALSE
831;Pararge aegeria;;;;Animalia;8049830;14464;FALSE;FALSE;TRUE;FALSE
832;Parietaria judaica;;;;Plantae;5361801;549;FALSE;FALSE;FALSE;FALSE
833;Parietaria officinalis;;;;Plantae;5361803;224;FALSE;FALSE;FALSE;FALSE
835;Parus major;;;;Animalia;9705453;15012;FALSE;FALSE;TRUE;FALSE
839;Pastinaca sativa;;;;Plantae;8262702;2163;FALSE;FALSE;FALSE;FALSE
841;Pentatoma rufipes;;;;Animalia;5758737;2332;FALSE;FALSE;FALSE;FALSE
842;Periclista albida;;;;Animalia;4490306;27;FALSE;FALSE;FALSE;FALSE
843;Periclista lineolata;;;;Animalia;4490302;27;FALSE;FALSE;FALSE;FALSE
844;Periparus ater;;;;Animalia;2487871;9595;FALSE;FALSE;FALSE;FALSE
845;Peritrechus geniculatus;;;;Animalia;4486439;50;FALSE;FALSE;FALSE;FALSE
846;Pernis apivorus;;;;Animalia;2480420;9528;FALSE;FALSE;TRUE;FALSE
847;Persicaria amphibia;;;;Plantae;6391648;4923;FALSE;FALSE;FALSE;FALSE
849;Persicaria lapathifolia;;;;Plantae;2889262;3866;FALSE;FALSE;FALSE;FALSE
850;Persicaria maculosa;;;;Plantae;6391194;5552;FALSE;FALSE;FALSE;FALSE
851;Petroselinum crispum;;;;Plantae;7828157;68;FALSE;FALSE;FALSE;FALSE
853;Phalera bucephala;;;;Animalia;5119245;9;FALSE;FALSE;FALSE;FALSE
856;Philaenus spumarius;;;;Animalia;2016038;1149;FALSE;FALSE;FALSE;FALSE
857;Philanthus triangulum;;;;Animalia;5760758;925;FALSE;FALSE;FALSE;FALSE
858;Philodromus dispar;;;;Animalia;5169527;36;FALSE;FALSE;TRUE;FALSE
859;Philonthus succicola;;;;Animalia;4437073;14;FALSE;FALSE;FALSE;FALSE
860;Philoscia muscorum;;;;Animalia;2209507;13;FALSE;FALSE;FALSE;FALSE
861;Phlogophora meticulosa;;;;Animalia;1782560;10;FALSE;FALSE;FALSE;FALSE
862;Phoenicurus ochruros;;;;Animalia;5739315;11998;FALSE;FALSE;TRUE;FALSE
865;Pholidoptera griseoaptera;;;;Animalia;1695297;4620;FALSE;FALSE;TRUE;FALSE
866;Phorodon (Phorodon) humuli;;;;Animalia;2074609;8;FALSE;FALSE;FALSE;FALSE
867;Phylloneta impressa;;;;Animalia;6718007;28;FALSE;FALSE;FALSE;FALSE
869;Phylloscopus bonelli;;;;Animalia;2493070;73;FALSE;FALSE;FALSE;FALSE
870;Phylloscopus collybita;;;;Animalia;2493091;15027;FALSE;FALSE;TRUE;FALSE
875;Phyteuma nigrum;;;;Plantae;3166917;132;FALSE;FALSE;FALSE;FALSE
876;Pica pica;;;;Animalia;5229490;13676;FALSE;FALSE;TRUE;FALSE
878;Picris hieracioides;;;;Plantae;3093337;799;FALSE;FALSE;FALSE;FALSE
879;Pieris brassicae;;;;Animalia;1920506;12818;FALSE;FALSE;TRUE;FALSE
881;Pieris napi;;;;Animalia;1920494;13279;FALSE;FALSE;TRUE;FALSE
882;Pieris rapae;;;;Animalia;1920496;14956;FALSE;FALSE;TRUE;FALSE
883;Piezodorus lituratus;;;;Animalia;2078821;419;FALSE;FALSE;FALSE;FALSE
885;Pilosella officinarum;;;;Plantae;9458333;3534;FALSE;FALSE;FALSE;FALSE
886;Pimpinella major;;;;Plantae;5371874;2210;FALSE;FALSE;FALSE;FALSE
887;Pimpinella saxifraga;;;;Plantae;7622278;1049;FALSE;FALSE;FALSE;FALSE
890;Pisaura mirabilis;;;;Animalia;2150764;295;FALSE;FALSE;TRUE;FALSE
891;Pisum sativum;;;;Plantae;5347845;115;FALSE;FALSE;FALSE;FALSE
892;Plagiognathus arbustorum;;;;Animalia;5152968;374;FALSE;FALSE;FALSE;FALSE
893;Plagiognathus chrysanthemi;;;;Animalia;5152867;17;FALSE;FALSE;FALSE;FALSE
895;Plantago lanceolata;;;;Plantae;8208358;9400;FALSE;FALSE;FALSE;FALSE
896;Plantago major;;;;Plantae;3189767;7688;FALSE;FALSE;FALSE;FALSE
897;Platanthera chlorantha;;;;Plantae;2797913;148;FALSE;FALSE;FALSE;FALSE
898;Platanus hybrida;;;;Plantae;3152814;390;FALSE;FALSE;FALSE;FALSE
902;Platynus assimilis;;;;Animalia;8137203;8;FALSE;FALSE;FALSE;FALSE
904;Poa annua;;;;Plantae;2704179;7118;FALSE;FALSE;FALSE;FALSE
905;Poa nemoralis;;;;Plantae;2704300;2298;FALSE;FALSE;FALSE;FALSE
906;Poa pratensis;;;;Plantae;2704178;3638;FALSE;FALSE;FALSE;FALSE
907;Poa trivialis;;;;Plantae;8300875;5558;FALSE;FALSE;FALSE;FALSE
908;Poecile montanus;;;;Animalia;2487866;7104;FALSE;FALSE;FALSE;FALSE
909;Poecile palustris;;;;Animalia;2487843;2946;FALSE;FALSE;FALSE;FALSE
910;Poecilus versicolor;;;;Animalia;5753720;9;FALSE;FALSE;FALSE;FALSE
911;Pogonocherus hispidulus;;;;Animalia;8423878;21;FALSE;FALSE;FALSE;FALSE
912;Polistes dominula;;;;Animalia;5871389;3554;FALSE;FALSE;FALSE;FALSE
913;Polygonia c-album;;;;Animalia;1898544;12928;FALSE;FALSE;TRUE;FALSE
914;Polygonum aviculare;;;;Plantae;7821030;6357;FALSE;FALSE;FALSE;FALSE
915;Polymerus nigrita;;;;Animalia;8166399;66;FALSE;FALSE;FALSE;FALSE
916;Polymerus unifasciatus;;;;Animalia;2011487;6;FALSE;FALSE;FALSE;FALSE
917;Polyommatus icarus;;;;Animalia;5140214;12834;FALSE;FALSE;TRUE;FALSE
918;Polypedilum nubeculosum;;;;Animalia;1456161;7;FALSE;FALSE;FALSE;FALSE
922;Populus nigra;;;;Plantae;3040227;354;FALSE;FALSE;FALSE;FALSE
923;Populus tremula;;;;Plantae;3040249;2722;FALSE;FALSE;FALSE;FALSE
924;Porcellio scaber;;;;Animalia;6284337;29;FALSE;FALSE;FALSE;FALSE
925;Potentilla argentea;;;;Plantae;8011540;507;FALSE;FALSE;FALSE;FALSE
926;Potentilla recta;;;;Plantae;5367294;463;FALSE;FALSE;FALSE;FALSE
927;Potentilla reptans;;;;Plantae;5367273;4008;FALSE;FALSE;FALSE;FALSE
928;Primula elatior;;;;Plantae;5414326;4009;FALSE;FALSE;FALSE;FALSE
929;Primula veris;;;;Plantae;8377689;936;FALSE;FALSE;FALSE;FALSE
931;Prodiamesa olivacea;;;;Animalia;1447598;8;FALSE;FALSE;FALSE;FALSE
932;Profenusa pygmaea;;;;Animalia;4490776;143;FALSE;FALSE;FALSE;FALSE
933;Propylaea quatuordecimpunctata;;;;Animalia;1043572;2076;FALSE;FALSE;FALSE;FALSE
934;Prunella modularis;;;;Animalia;5231763;13755;FALSE;FALSE;TRUE;FALSE
935;Prunella vulgaris;;;;Plantae;5341297;5642;FALSE;FALSE;FALSE;FALSE
936;Prunus avium;;;;Plantae;3020791;4391;FALSE;FALSE;FALSE;FALSE
938;Prunus domestica;;;;Plantae;7931731;290;FALSE;FALSE;FALSE;FALSE
940;Prunus padus;;;;Plantae;3021037;2313;FALSE;FALSE;FALSE;FALSE
941;Prunus persica;;;;Plantae;8149923;84;FALSE;FALSE;FALSE;FALSE
943;Prunus serrulata;;;;Plantae;3022609;24;FALSE;FALSE;FALSE;FALSE
944;Prunus spinosa;;;;Plantae;3023221;5074;FALSE;FALSE;FALSE;FALSE
945;Psammotettix confinis;;;;Animalia;2043322;34;FALSE;FALSE;FALSE;FALSE
946;Pseudomallada prasinus;;;;Animalia;2106928;45;FALSE;FALSE;FALSE;FALSE
949;Psyllobora vigintiduopunctata;;;;Animalia;4452252;1491;FALSE;FALSE;TRUE;FALSE
950;Pterostichus melanarius;;;;Animalia;7856746;13;FALSE;FALSE;TRUE;FALSE
951;Pterostichus minor;;;;Animalia;7840196;6;FALSE;FALSE;TRUE;FALSE
952;Pterostichus strenuus;;;;Animalia;7508714;11;FALSE;FALSE;TRUE;FALSE
953;Pulicaria dysenterica;;;;Plantae;3095609;4979;FALSE;FALSE;FALSE;FALSE
955;Pulsatilla vulgaris;;;;Plantae;3033621;7;FALSE;FALSE;FALSE;FALSE
956;Pyronia tithonus;;;;Animalia;7622059;11346;FALSE;FALSE;TRUE;FALSE
957;Pyrrhocoris apterus;;;;Animalia;4486826;3184;FALSE;FALSE;FALSE;FALSE
959;Pyrus communis;;;;Plantae;5362573;259;FALSE;FALSE;FALSE;FALSE
961;Quercus robur;;;;Plantae;2878688;8701;FALSE;FALSE;FALSE;FALSE
962;Ranunculus acris;;;;Plantae;3033363;9132;FALSE;FALSE;FALSE;FALSE
963;Ranunculus aquatilis;;;;Plantae;3033464;465;FALSE;FALSE;FALSE;FALSE
964;Ranunculus bulbosus;;;;Plantae;3033329;1780;FALSE;FALSE;FALSE;FALSE
965;Ranunculus flammula;;;;Plantae;3033312;3578;FALSE;FALSE;FALSE;FALSE
966;Ranunculus lingua;;;;Plantae;8310009;444;FALSE;FALSE;FALSE;FALSE
967;Ranunculus repens;;;;Plantae;3033339;9065;FALSE;FALSE;FALSE;FALSE
968;Raphanus raphanistrum;;;;Plantae;3040983;1817;FALSE;FALSE;FALSE;FALSE
971;Reduvius personatus;;;;Animalia;2008516;247;FALSE;FALSE;FALSE;FALSE
972;Regulus ignicapilla;;;;Animalia;6093527;6556;FALSE;FALSE;TRUE;FALSE
974;Reseda lutea;;;;Plantae;3040252;1844;FALSE;FALSE;FALSE;FALSE
975;Reseda luteola;;;;Plantae;3040251;1216;FALSE;FALSE;FALSE;FALSE
977;Rhabdomiris striatellus;;;;Animalia;4487612;379;FALSE;FALSE;FALSE;FALSE
978;Rhagonycha fulva;;;;Animalia;4429760;23;FALSE;FALSE;FALSE;FALSE
979;Rhaphigaster nebulosa;;;;Animalia;5758736;2639;FALSE;FALSE;FALSE;FALSE
980;Rhinanthus alectorolophus;;;;Plantae;3172045;104;FALSE;FALSE;FALSE;FALSE
981;Rhinanthus minor;;;;Plantae;3172043;1140;FALSE;FALSE;FALSE;FALSE
983;Rhopalosiphum nymphaeae;;;;Animalia;9565622;6;FALSE;FALSE;FALSE;FALSE
984;Rhopalosiphum padi;;;;Animalia;2069580;30;FALSE;FALSE;FALSE;FALSE
987;Ribes aureum;;;;Plantae;2986111;25;FALSE;FALSE;FALSE;FALSE
988;Ribes rubrum;;;;Plantae;2986097;4674;FALSE;FALSE;FALSE;FALSE
989;Ribes uva-crispa;;;;Plantae;2986185;1206;FALSE;FALSE;FALSE;FALSE
991;Robertus lividus;;;;Animalia;2155895;677;FALSE;FALSE;TRUE;FALSE
993;Rosa arvensis;;;;Plantae;3007054;498;FALSE;FALSE;FALSE;FALSE
994;Rosa canina;;;;Plantae;3002461;3521;FALSE;FALSE;FALSE;FALSE
995;Rosa rubiginosa;;;;Plantae;8174785;764;FALSE;FALSE;FALSE;FALSE
997;Rosa spinosissima;;;;Plantae;3002333;187;FALSE;FALSE;FALSE;FALSE
999;Rubus caesius;;;;Plantae;2995209;2949;FALSE;FALSE;FALSE;FALSE
1000;Rubus idaeus;;;;Plantae;2993094;1919;FALSE;FALSE;FALSE;FALSE
1002;Rubus plicatus;;;;Plantae;2990412;2735;FALSE;FALSE;FALSE;FALSE
1004;Rubus ulmifolius;;;;Plantae;2996929;164;FALSE;FALSE;FALSE;FALSE
1007;Rugilus rufipes;;;;Animalia;4438752;6;FALSE;FALSE;FALSE;FALSE
1008;Rumex acetosella;;;;Plantae;2888995;5430;FALSE;FALSE;FALSE;FALSE
1010;Rumex obtusifolius;;;;Plantae;2889011;8136;FALSE;FALSE;FALSE;FALSE
1011;Rumex sanguineus;;;;Plantae;2888960;1502;FALSE;FALSE;FALSE;FALSE
1013;Rutilus rutilus;;;;Animalia;2359706;2096;FALSE;FALSE;TRUE;FALSE
1014;Rutpela maculata;;;;Animalia;10480031;138;FALSE;FALSE;FALSE;FALSE
1016;Salix aurita;;;;Plantae;5372876;1158;FALSE;FALSE;FALSE;FALSE
1017;Salix babylonica;;;;Plantae;5372639;210;FALSE;FALSE;FALSE;FALSE
1018;Salix caprea;;;;Plantae;5372952;5310;FALSE;FALSE;FALSE;FALSE
1019;Salix cinerea;;;;Plantae;5372605;2883;FALSE;FALSE;FALSE;FALSE
1020;Salix fragilis;;;;Plantae;5372829;1514;FALSE;FALSE;FALSE;FALSE
1022;Salix repens;;;;Plantae;9148812;1069;FALSE;FALSE;FALSE;FALSE
1023;Salix viminalis;;;;Plantae;5372933;1578;FALSE;FALSE;FALSE;FALSE
1026;Salmonella enterica;;;;Bacteria;9701185;7;FALSE;FALSE;FALSE;FALSE
1030;Salvia pratensis;;;;Plantae;2927007;166;FALSE;FALSE;FALSE;FALSE
1031;Salvia rosmarinus;;;;Plantae;3889108;65;FALSE;FALSE;FALSE;FALSE
1033;Sambucus ebulus;;;;Plantae;2888722;398;FALSE;FALSE;FALSE;FALSE
1034;Sambucus nigra;;;;Plantae;2888728;8457;FALSE;FALSE;FALSE;FALSE
1037;Satyrium pruni;;;;Animalia;5882980;8;FALSE;FALSE;FALSE;FALSE
1040;Saxicola torquatus;;;;Animalia;2492526;852;FALSE;FALSE;TRUE;FALSE
1041;Scabiosa columbaria;;;;Plantae;2888802;96;FALSE;FALSE;FALSE;FALSE
1043;Scathophaga stercoraria;;;;Animalia;1556243;24;FALSE;FALSE;FALSE;FALSE
1044;Schizophyllum commune;;;;Fungi;5241128;9;FALSE;FALSE;FALSE;FALSE
1046;Sciocoris cursitans;;;;Animalia;2079253;26;FALSE;FALSE;FALSE;FALSE
1048;Scoliopteryx libatrix;;;;Animalia;1798449;10;FALSE;FALSE;FALSE;FALSE
1049;Scorzoneroides autumnalis;;;;Plantae;3133512;3530;FALSE;FALSE;FALSE;FALSE
1050;Scrophularia auriculata;;;;Plantae;3170875;2054;FALSE;FALSE;FALSE;FALSE
1051;Scrophularia nodosa;;;;Plantae;3170886;4314;FALSE;FALSE;FALSE;FALSE
1052;Scymnus auritus;;;;Animalia;5749475;20;FALSE;FALSE;FALSE;FALSE
1053;Scymnus frontalis;;;;Animalia;5749504;19;FALSE;FALSE;FALSE;FALSE
1054;Scymnus haemorrhoidalis;;;;Animalia;5749533;33;FALSE;FALSE;FALSE;FALSE
1055;Scymnus interruptus;;;;Animalia;5749524;8;FALSE;FALSE;FALSE;FALSE
1057;Sedum acre;;;;Plantae;5362007;2598;FALSE;FALSE;FALSE;FALSE
1058;Sedum album;;;;Plantae;5362008;887;FALSE;FALSE;FALSE;FALSE
1060;Senecio jacobaea;;;;Plantae;8965572;17;FALSE;FALSE;FALSE;FALSE
1062;Senecio vulgaris;;;;Plantae;3108983;6474;FALSE;FALSE;FALSE;FALSE
1063;Sepedophilus testaceus;;;;Animalia;4438475;9;FALSE;FALSE;FALSE;FALSE
1064;Sericoderus lateralis;;;;Animalia;1044161;11;FALSE;FALSE;FALSE;FALSE
1066;Sesbania herbacea;;;;Plantae;2970585;7;FALSE;FALSE;FALSE;FALSE
1067;Seseli libanotis;;;;Plantae;3034133;8;FALSE;FALSE;FALSE;FALSE
1068;Sherardia arvensis;;;;Plantae;5339050;915;FALSE;FALSE;FALSE;FALSE
1069;Silene dioica;;;;Plantae;5384795;5131;FALSE;FALSE;FALSE;FALSE
1070;Silene flos-cuculi;;;;Plantae;5384738;5746;FALSE;FALSE;FALSE;FALSE
1071;Silene latifolia;;;;Plantae;5384805;3357;FALSE;FALSE;FALSE;FALSE
1072;Silene vulgaris;;;;Plantae;9172281;489;FALSE;FALSE;FALSE;FALSE
1075;Sinapis arvensis;;;;Plantae;3047598;3796;FALSE;FALSE;FALSE;FALSE
1079;Sisymbrium officinale;;;;Plantae;3046890;5285;FALSE;FALSE;FALSE;FALSE
1081;Sitta europaea;;;;Animalia;2484916;11089;FALSE;FALSE;TRUE;FALSE
1082;Smyrnium olusatrum;;;;Plantae;3034782;6;FALSE;FALSE;FALSE;FALSE
1083;Solanum americanum;;;;Plantae;2930222;9;FALSE;FALSE;FALSE;FALSE
1084;Solanum dulcamara;;;;Plantae;2932737;5897;FALSE;FALSE;FALSE;FALSE
1090;Solidago virgaurea;;;;Plantae;6446462;1031;FALSE;FALSE;FALSE;FALSE
1091;Sonchus arvensis;;;;Plantae;3105813;3331;FALSE;FALSE;FALSE;FALSE
1092;Sonchus asper;;;;Plantae;3105782;6147;FALSE;FALSE;FALSE;FALSE
1093;Sonchus oleraceus;;;;Plantae;8228544;5927;FALSE;FALSE;FALSE;FALSE
1094;Sonchus palustris;;;;Plantae;3105650;330;FALSE;FALSE;FALSE;FALSE
1096;Sorbus aucuparia;;;;Plantae;3012167;6329;FALSE;FALSE;FALSE;FALSE
1097;Spergularia rubra;;;;Plantae;3085633;1047;FALSE;FALSE;FALSE;FALSE
1098;Sphaerophoria scripta;;;;Animalia;1539177;15;FALSE;FALSE;TRUE;FALSE
1099;Sphecodes crassus;;;;Animalia;1351387;82;FALSE;FALSE;FALSE;FALSE
1100;Sphecodes ferruginatus;;;;Animalia;1351360;29;FALSE;FALSE;FALSE;FALSE
1101;Sphecodes geoffrellus;;;;Animalia;5042560;64;FALSE;FALSE;FALSE;FALSE
1102;Sphecodes hyalinatus;;;;Animalia;1351574;27;FALSE;FALSE;FALSE;FALSE
1103;Sphecodes niger;;;;Animalia;1351513;10;FALSE;FALSE;FALSE;FALSE
1104;Sphecodes pellucidus;;;;Animalia;1351446;195;FALSE;FALSE;FALSE;FALSE
1105;Sphecodes puncticeps;;;;Animalia;1351481;47;FALSE;FALSE;FALSE;FALSE
1106;Sphragisticus nebulosus;;;;Animalia;2008248;35;FALSE;FALSE;FALSE;FALSE
1110;Stachys arvensis;;;;Plantae;2927229;320;FALSE;FALSE;FALSE;FALSE
1112;Stachys palustris;;;;Plantae;2927245;3220;FALSE;FALSE;FALSE;FALSE
1113;Stachys sylvatica;;;;Plantae;2927282;4853;FALSE;FALSE;FALSE;FALSE
1115;Stellaria holostea;;;;Plantae;5384676;4684;FALSE;FALSE;FALSE;FALSE
1116;Stellaria media;;;;Plantae;5384604;7185;FALSE;FALSE;FALSE;FALSE
1117;Stellaria nemorum;;;;Plantae;6363434;107;FALSE;FALSE;FALSE;FALSE
1119;Stenodema calcarata;;;;Animalia;6096767;245;FALSE;FALSE;FALSE;FALSE
1120;Stenodema laevigata;;;;Animalia;6096770;415;FALSE;FALSE;FALSE;FALSE
1121;Stenotus binotatus;;;;Animalia;2008880;302;FALSE;FALSE;FALSE;FALSE
1122;Stenurella melanura;;;;Animalia;8583922;137;FALSE;FALSE;FALSE;FALSE
1123;Stictocephala bisonia;;;;Animalia;5154481;12;FALSE;FALSE;FALSE;FALSE
1124;Streptopelia decaocto;;;;Animalia;2495696;13344;FALSE;FALSE;TRUE;FALSE
1125;Sturnus vulgaris;;;;Animalia;9809229;14454;FALSE;FALSE;TRUE;FALSE
1126;Stygnocoris rusticus;;;;Animalia;2008074;8;FALSE;FALSE;FALSE;FALSE
1128;Succisa pratensis;;;;Plantae;2888811;1698;FALSE;FALSE;FALSE;FALSE
1129;Sus scrofa;;;;Animalia;7705930;35;FALSE;FALSE;TRUE;FALSE
1130;Sylvia atricapilla;;;;Animalia;2492956;14250;FALSE;FALSE;TRUE;FALSE
1131;Sylvia borin;;;;Animalia;2492942;10396;FALSE;FALSE;TRUE;FALSE
1132;Sylvia communis;;;;Animalia;2492943;13272;FALSE;FALSE;TRUE;FALSE
1133;Sylvia curruca;;;;Animalia;2492960;5468;FALSE;FALSE;TRUE;FALSE
1134;Sylvia undata;;;;Animalia;2492949;120;FALSE;FALSE;FALSE;FALSE
1135;Symmorphus bifasciatus;;;;Animalia;1331436;167;FALSE;FALSE;FALSE;FALSE
1136;Sympetrum fonscolombii;;;;Animalia;1428264;27;FALSE;FALSE;TRUE;FALSE
1137;Sympetrum sanguineum;;;;Animalia;1428217;61;FALSE;FALSE;TRUE;FALSE
1138;Sympetrum vulgatum;;;;Animalia;1428311;6;FALSE;FALSE;TRUE;FALSE
1145;Symphytum officinale;;;;Plantae;7558421;6851;FALSE;FALSE;FALSE;FALSE
1146;Symphytum uplandicum;;;;Plantae;2926068;62;FALSE;FALSE;FALSE;FALSE
1147;Synanthedon formicaeformis;;;;Animalia;1940510;6;FALSE;FALSE;FALSE;FALSE
1148;Synema globosum;;;;Animalia;5171516;396;FALSE;FALSE;FALSE;FALSE
1149;Synophropsis lauri;;;;Animalia;2046028;11;FALSE;FALSE;FALSE;FALSE
1151;Syritta pipiens;;;;Animalia;1544431;8;FALSE;FALSE;TRUE;FALSE
1152;Tachina fera;;;;Animalia;5978844;8;FALSE;FALSE;FALSE;FALSE
1153;Tachinus rufipes;;;;Animalia;7204257;7;FALSE;FALSE;FALSE;FALSE
1154;Tachyporus nitidulus;;;;Animalia;4438603;6;FALSE;FALSE;FALSE;FALSE
1155;Tachyporus obtusus;;;;Animalia;4438585;9;FALSE;FALSE;FALSE;FALSE
1158;Tanacetum vulgare;;;;Plantae;3118274;7715;FALSE;FALSE;FALSE;FALSE
1159;Tapinocyba insecta;;;;Animalia;2135135;94;FALSE;FALSE;TRUE;FALSE
1160;Taraxacum officinale;;;;Plantae;5394163;5383;FALSE;FALSE;FALSE;FALSE
1161;Taxus baccata;;;;Plantae;5284517;1116;FALSE;FALSE;FALSE;FALSE
1162;Tenthredo amoena;;;;Animalia;4490521;81;FALSE;FALSE;FALSE;FALSE
1163;Tenthredo temula;;;;Animalia;4490515;71;FALSE;FALSE;FALSE;FALSE
1164;Tenuiphantes tenuis;;;;Animalia;2135959;1009;FALSE;FALSE;FALSE;FALSE
1165;Tetrix subulata;;;;Animalia;1681124;2053;FALSE;FALSE;TRUE;FALSE
1167;Tettigonia viridissima;;;;Animalia;1692898;8347;FALSE;FALSE;TRUE;FALSE
1168;Teucrium chamaedrys;;;;Plantae;6411747;10;FALSE;FALSE;FALSE;FALSE
1169;Teucrium scorodonia;;;;Plantae;2926901;4342;FALSE;FALSE;FALSE;FALSE
1171;Theridion pictum;;;;Animalia;2156940;31;FALSE;FALSE;TRUE;FALSE
1175;Thymus pulegioides;;;;Plantae;5341443;552;FALSE;FALSE;FALSE;FALSE
1176;Thymus serpyllum;;;;Plantae;6409622;35;FALSE;FALSE;FALSE;FALSE
1180;Tilia cordata;;;;Plantae;3152047;457;FALSE;FALSE;FALSE;FALSE
1181;Tilia europaea;;;;Plantae;3152046;118;FALSE;FALSE;FALSE;FALSE
1182;Tilia platyphyllos;;;;Plantae;3152048;842;FALSE;FALSE;FALSE;FALSE
1183;Torilis arvensis;;;;Plantae;3034823;32;FALSE;FALSE;FALSE;FALSE
1184;Torilis japonica;;;;Plantae;3034820;2108;FALSE;FALSE;FALSE;FALSE
1187;Tragopogon pratensis;;;;Plantae;5386897;2573;FALSE;FALSE;FALSE;FALSE
1188;Trametes versicolor;;;;Fungi;2548311;8;FALSE;FALSE;FALSE;FALSE
1191;Trichoniscus pusillus;;;;Animalia;2207872;7;FALSE;FALSE;FALSE;FALSE
1192;Trifolium arvense;;;;Plantae;5359246;2574;FALSE;FALSE;FALSE;FALSE
1193;Trifolium dubium;;;;Plantae;5359429;5647;FALSE;FALSE;FALSE;FALSE
1194;Trifolium fragiferum;;;;Plantae;5358935;709;FALSE;FALSE;FALSE;FALSE
1195;Trifolium hybridum;;;;Plantae;6109535;1761;FALSE;FALSE;FALSE;FALSE
1197;Trifolium medium;;;;Plantae;5358812;67;FALSE;FALSE;FALSE;FALSE
1198;Trifolium pratense;;;;Plantae;8324121;8061;FALSE;FALSE;FALSE;FALSE
1199;Trifolium repens;;;;Plantae;5358748;8349;FALSE;FALSE;FALSE;FALSE
1201;Trigonotylus caelestialium;;;;Animalia;2008905;78;FALSE;FALSE;FALSE;FALSE
1202;Tripleurospermum inodorum;;;;Plantae;3104179;2502;FALSE;FALSE;FALSE;FALSE
1203;Tripleurospermum maritima;;;;Plantae;3104173;2127;FALSE;FALSE;FALSE;FALSE
1204;Tripleurospermum maritimum;;;;Plantae;3104173;2127;FALSE;FALSE;FALSE;FALSE
1205;Tripolium pannonicum;;;;Plantae;3098616;716;FALSE;FALSE;FALSE;FALSE
1207;Trochosa ruricola;;;;Animalia;2145852;592;FALSE;FALSE;TRUE;FALSE
1208;Trochosa terricola;;;;Animalia;2145815;1578;FALSE;FALSE;TRUE;FALSE
1209;Troglodytes troglodytes;;;;Animalia;5231438;14871;FALSE;FALSE;TRUE;FALSE
1211;Trypoxylon attenuatum;;;;Animalia;4495039;44;FALSE;FALSE;FALSE;FALSE
1212;Trypoxylon clavicerum;;;;Animalia;4495051;13;FALSE;FALSE;FALSE;FALSE
1214;Turdus iliacus;;;;Animalia;2490781;11112;FALSE;FALSE;FALSE;FALSE
1215;Turdus merula;;;;Animalia;2490719;15453;FALSE;FALSE;TRUE;FALSE
1216;Turdus philomelos;;;;Animalia;7901064;13947;FALSE;FALSE;TRUE;FALSE
1218;Turdus torquatus;;;;Animalia;7865305;4141;FALSE;FALSE;TRUE;FALSE
1219;Turdus viscivorus;;;;Animalia;2490774;10939;FALSE;FALSE;TRUE;FALSE
1220;Tussilago farfara;;;;Plantae;3149879;5711;FALSE;FALSE;FALSE;FALSE
1221;Typha latifolia;;;;Plantae;5289423;5461;FALSE;FALSE;FALSE;FALSE
1222;Tytthaspis sedecimpunctata;;;;Animalia;4452258;912;FALSE;FALSE;TRUE;FALSE
1223;Ulex europaeus;;;;Plantae;2951984;1374;FALSE;FALSE;FALSE;FALSE
1224;Urtica dioica;;;;Plantae;7960979;9844;FALSE;FALSE;FALSE;FALSE
1225;Urtica urens;;;;Plantae;5361815;2928;FALSE;FALSE;FALSE;FALSE
1227;Vaccinium myrtillus;;;;Plantae;2882833;2579;FALSE;FALSE;FALSE;FALSE
1228;Vaccinium uliginosum;;;;Plantae;8073364;11;FALSE;FALSE;FALSE;FALSE
1229;Vaccinium vitis-idaea;;;;Plantae;2882835;234;FALSE;FALSE;FALSE;FALSE
1230;Valeriana officinalis;;;;Plantae;2888763;3687;FALSE;FALSE;FALSE;FALSE
1231;Valgus hemipterus;;;;Animalia;1082966;82;FALSE;FALSE;TRUE;FALSE
1232;Vanessa atalanta;;;;Animalia;1898286;14858;FALSE;FALSE;TRUE;FALSE
1233;Vanessa cardui;;;;Animalia;4299368;12828;FALSE;FALSE;TRUE;FALSE
1234;Verbascum blattaria;;;;Plantae;3171943;289;FALSE;FALSE;FALSE;FALSE
1235;Verbascum thapsus;;;;Plantae;3171949;2512;FALSE;FALSE;FALSE;FALSE
1238;Verbena officinalis;;;;Plantae;2925529;2446;FALSE;FALSE;FALSE;FALSE
1240;Veronica beccabunga;;;;Plantae;3172062;2700;FALSE;FALSE;FALSE;FALSE
1241;Veronica chamaedrys;;;;Plantae;7874883;4323;FALSE;FALSE;FALSE;FALSE
1242;Veronica officinalis;;;;Plantae;3172049;2504;FALSE;FALSE;FALSE;FALSE
1245;Vespa crabro;;;;Animalia;1311527;6661;FALSE;FALSE;FALSE;FALSE
1247;Vespula germanica;;;;Animalia;1311649;955;FALSE;FALSE;FALSE;FALSE
1248;Vespula rufa;;;;Animalia;1311676;44;FALSE;FALSE;FALSE;FALSE
1249;Vespula vulgaris;;;;Animalia;1311671;2437;FALSE;FALSE;FALSE;FALSE
1250;Vibidia duodecimguttata;;;;Animalia;4452256;81;FALSE;FALSE;TRUE;FALSE
1251;Viburnum lantana;;;;Plantae;2888615;231;FALSE;FALSE;FALSE;FALSE
1252;Viburnum opulus;;;;Plantae;2888605;4230;FALSE;FALSE;FALSE;FALSE
1254;Vicia cracca;;;;Plantae;2975287;5781;FALSE;FALSE;FALSE;FALSE
1257;Vicia sativa;;;;Plantae;2975014;6188;FALSE;FALSE;FALSE;FALSE
1258;Vicia sepium;;;;Plantae;2974786;2291;FALSE;FALSE;FALSE;FALSE
1259;Vicia villosa;;;;Plantae;9182154;941;FALSE;FALSE;FALSE;FALSE
1261;Vinca minor;;;;Plantae;3169707;2151;FALSE;FALSE;FALSE;FALSE
1262;Viola arvensis;;;;Plantae;5331235;3612;FALSE;FALSE;FALSE;FALSE
1263;Viola hirta;;;;Plantae;5664290;61;FALSE;FALSE;FALSE;FALSE
1264;Viola odorata;;;;Plantae;5331181;2200;FALSE;FALSE;FALSE;FALSE
1265;Viola riviniana;;;;Plantae;7296321;2837;FALSE;FALSE;FALSE;FALSE
1266;Viola tricolor;;;;Plantae;5331347;1433;FALSE;FALSE;FALSE;FALSE
1267;Viscum album;;;;Plantae;2889828;2006;FALSE;FALSE;FALSE;FALSE
1269;Volucella bombylans;;;;Animalia;1541763;11;FALSE;FALSE;TRUE;FALSE
1270;Volucella pellucens;;;;Animalia;1541799;10;FALSE;FALSE;TRUE;FALSE
1271;Volucella zonaria;;;;Animalia;1541832;95;FALSE;FALSE;TRUE;FALSE
1272;Vulpes vulpes;;;;Animalia;5219243;43;FALSE;FALSE;TRUE;FALSE
1273;Xanthoria parietina;;;;Fungi;2609969;26;FALSE;FALSE;FALSE;FALSE
1274;Xenos vesparum;;;;Animalia;4480641;170;FALSE;FALSE;FALSE;FALSE
1275;Xyleborus dispar;;;;Animalia;5020442;16;FALSE;FALSE;FALSE;FALSE
1276;Xylocopa violacea;;;;Animalia;1342108;407;FALSE;FALSE;FALSE;FALSE
1278;Xysticus ulmi;;;;Animalia;2165228;149;FALSE;FALSE;TRUE;FALSE
1281;Zeuzera pyrina;;;;Animalia;1730978;6;FALSE;FALSE;FALSE;FALSE
1282;Zinnia elegans;;;;Plantae;3111754;9;FALSE;FALSE;FALSE;FALSE
1283;Zygiella x-notata;;;;Animalia;2159658;11;FALSE;FALSE;TRUE;FALSE
1284;Zyginidia scutellaris;;;;Animalia;2027366;74;FALSE;FALSE;FALSE;FALSE
