Id,Label,Interval,TaxonRank,TaxonFamilyName,TaxonKingdomName
Galeocerdo cuvier,,,species,,Animalia
Reptilian orthoreovirus,,,species,,Viruses
European catfish virus,,,species,,Viruses
Venezuelan equine encephalitis virus,,,species,,Viruses
Salmonella enterica subsp. arizonae,,,subspecies,,
Neisseria iguanae,,,species,,
Burkholderia pseudomallei,,,species,,
Campylobacter iguaniorum,,,species,,Bacteria
Salmonella enterica subsp. houtenae,,,subspecies,,
Salmonella enterica subsp. diarizonae,,,subspecies,,
Mycoplasma iguanae,,,species,,Bacteria
Chlamydia pneumoniae,,,species,,
Chlamydophila felis,,,species,,Bacteria
Boa imperator,,,species,,Animalia
Trachemys scripta,,,species,,Animalia
Buteo lineatus,,,species,,Animalia
Buteo platypterus,,,species,,Animalia
Crocodylus acutus,,,species,,Animalia
Elanoides forficatus,,,species,,Animalia
Eunectes murinus,,,species,,Animalia
Trachemys stejnegeri,,,species,,Animalia
Buteo plagiatus,,,species,,Animalia
Caracara plancus,,,species,,Animalia
Falco sparverius,,,species,,Animalia
Glaucidium brasilianum,,,species,,Animalia
Loxocemus bicolor,,,species,,Animalia
Enulius flavitorques,,,species,,Animalia
Corallus grenadensis,,,species,,Animalia
Rhinobothryum lentiginosum,,,species,,Animalia
Oxybelis fulgidus,,,species,,Animalia
Siphlophis compressus,,,species,,Animalia
Borikenophis portoricensis,,,species,,Animalia
Plasmodium rhadinurum,,,species,,Chromista
Ozolaimus cirratus,,,species,,Animalia
Oxyuris iguanae,,,species,,Animalia
Alaeuris vogelsangi,,,species,,Animalia
Ozolaimus monhystera,,,species,,Animalia
Alaeuris hirsutus,,,species,,Animalia
Ozolaimus megatyphlon,,,species,,Animalia
Plasmodium minasense,,,species,,Chromista
Amblyomma dissimile,,,species,,Animalia
Amblyomma sabanerae,,,species,,Animalia
TRICHOSOMA =CAPILLARIA IGUANAE,,,subspecies,,
Amblyomma rotundatum,,,species,,Animalia
Amblyomma testudinis,,,species,,Animalia
Chrysosporium guarroi,,,species,,Fungi
Mycoplasma insons,,,species,,
Chlamydophila pneumoniae,,,species,,Bacteria
Cryptosporidium parvum,,,species,,Protozoa
Amblyomma scutatum,,,species,,Animalia
Iguana iguana,,,species,,Animalia
Galeocerdo cuvier,,,species,,
Pseudoterranova decipiens,,,species,,Animalia
Porrocaecum bengalensis,,,species,,Animalia
Terranova nidifex,,,species,,Animalia
Terranova brevicapitata,,,species,,Animalia
Terranova galeocerdonis,,,species,,Animalia
Porrocaecum longispiculum,,,species,,Animalia
Thysanocephalum thysanocephalum,,,species,,Animalia
Pterobothrium heteracanthum,,,species,,Animalia
Platybothrium spinulifera,,,species,,Animalia
Dicranobothrium spinulifera,,,species,,Animalia
Grillotiella exile,,,species,,Animalia
Thysanocephalum crispum,,,species,,Animalia
Orygmatobothrium paulum,,,species,,Animalia
Otobothrium cysticum,,,species,,Animalia
Thysanocephalum rugosum,,,species,,Animalia
Monorygma galeocerdonis,,,species,,Animalia
Paraorygmatobothrium paulum,,,species,,Metazoa
TETRARHYNCHUS BISULCATUS,,,species,,
Reptilian orthoreovirus,,,species,,Orthornavirae
Aprostocetus tilicola,,,species,,Animalia
Venezuelan equine encephalitis virus,,,species,,Orthornavirae
Bijou Bridge virus,,,,,Orthornavirae
Burkholderia phage Bp-AMP2,,,species,,Heunggongvirae
Burkholderia phage ST79,,,,,Heunggongvirae
Burkholderia phage Bp-AMP4,,,species,,Heunggongvirae
Burkholderia phage Bp-AMP1,,,,,Heunggongvirae
Burkholderia virus phiE122,,,species,,Heunggongvirae
Burkholderia phage BEK,,,,,Heunggongvirae
Burkholderia virus phi1026b,,,species,,Heunggongvirae
Burkholderia virus phi6442,,,species,,Heunggongvirae
Burkholderia virus phi52237,,,species,,Heunggongvirae
Burkholderia phage Bp-AMP3,,,species,,Heunggongvirae
Burkholderia phage phiX216,,,,,Heunggongvirae
Burkholderia phage KS9,,,species,,Heunggongvirae
Burkholderia pseudomallei,,,species,,Bacteria
Burkholderia pseudomallei (Ara+ biotype),,,,,
Burkholderia pseudomallei K96243,,,,,
Burkholderia pseudomallei 1710a,,,,,
Burkholderia pseudomallei 1106b,,,,,
Burkholderia pseudomallei 1655,,,,,
Burkholderia pseudomallei 406e,,,,,
Burkholderia pseudomallei 1710b,,,,,
Burkholderia pseudomallei 668,,,,,
Burkholderia pseudomallei 1106a,,,,,
Chlamydia virus CPAR39,,,species,,Sangervirae
Kalicephalus subulatus,,,,,Animalia
Linguatula crotali,,,,,Animalia
Linguatula clavata,,,,,Animalia
Porocephalus clavatus,,,species,,Animalia
Kalicephalus viperae,,,species,,Animalia
Hastospiculum onchocercum,,,species,,Animalia
Boa constrictor papillomavirus 1,,,species,,Shotokuvirae
Eastern equine encephalitis virus,,,species,,Orthornavirae
Gnathostoma binucleatum,,,species,,Animalia
Gnathostoma procyonis,,,species,,Animalia
Spiroxys contorta,,,species,,Animalia
Serpinema trispinosum,,,species,,Animalia
Ardea herodias,,,species,,Animalia
Alligator mississippiensis,,,species,,Animalia
Quiscalus major,,,species,,Animalia
Procyon lotor,,,species,,Animalia
Didelphis virginiana,,,species,,Animalia
Vulpes vulpes,,,species,,Animalia
Mephitis mephitis,,,species,,Animalia
Pituophis ruthveni,,,species,,Animalia
Neoechinorhynchus emydis,,,species,,Animalia
Polystomoides coronatum,,,species,,Animalia
Neoechinorhynchus magnapapillatus,,,species,,Animalia
Spirorchis artericola,,,species,,Animalia
Neoechinorhynchus emyditoides,,,species,,Animalia
Neoechinorhynchus chelonos,,,species,,Animalia
Neoechinorhynchus (Neoechinorhynchus) pseudemydis,,,species,,Animalia
Camallanus microcephalus,,,species,,Animalia
Spirorchis elegans,,,species,,Animalia
Myxidium chelonarum,,,species,,Metazoa
Allassostoma magnum,,,species,,Animalia
Falcaustra affinis,,,species,,Animalia
Cercorchis membranasceus,,,species,,Animalia
Neoechinorhynchus schmidti,,,species,,Animalia
Neopolystoma orbiculare,,,species,,Metazoa
Camallanus troosti,,,species,,Animalia
Telorchis corti,,,species,,Animalia
Neoechinorhynchus pseudemydis,,,species,,Animalia
Telorchis medius,,,species,,Animalia
Spirorchis parvus,,,species,,Animalia
Macravestibulum obtusicaudum,,,species,,Animalia
NEOECHINORHYNCHUS (N.) EMYDITOIDES,,,subspecies,,
NEOECHINORHYNCHUS (N.) CHELONOS,,,subspecies,,
NEOECHINORHYNCHUS (N.) PSEUDEMYDIS,,,subspecies,,
NEOECHINORHYNCHUS (N.) EMYDIS,,,subspecies,,
NEOECHINORHYNCHUS (N.) MAGNAPAPILLATUS,,,subspecies,,
NEOECHINORHYNCHUS (N.) SCHMIDTI,,,subspecies,,
Falcustra affinis,,,species,,
Spirorchis scripta,,,species,,Metazoa
Burkholderia anthina,,,species,,Bacteria
Macrovestibulum obtusicaudum,,,species,,Metazoa
Myxidium scripta,,,species,,Metazoa
West Nile virus,,,species,,Viruses
Francisella tularensis,,,species,,Bacteria
Degeeriella fulva,,,species,,Metazoa
Colpocephalum napiforme,,,species,,Animalia
Craspedorrhynchus buteonis,,,species,,Animalia
Colpocephalum nanum,,,species,,Animalia
Porrocaecum angusticolle,,,species,,Metazoa
Tetrameres elyi,,,species,,Animalia
Brachylecithum americanum,,,species,,Animalia
Distomum ovatum,,,,,Animalia
Centrorhynchus spinosus,,,species,,Animalia
Centrorhynchus kuntzi,,,species,,Animalia
Microparyphium facetum,,,,,Animalia
Baschkirovitrema incrassatum,,,species,,Animalia
Ophiosoma microcephalum,,,species,,Animalia
Haliaeetus leucocephalus,,,species,,Animalia
Bubo virginianus,,,species,,Animalia
Leucocytozoon toddi,,,species,,
Cladotaenia globifera,,,species,,Animalia
Acutifrons orbiculatus,,,species,,Animalia
Thelazia platyptera,,,species,,Animalia
Centrorhynchus conspectus,,,species,,Animalia
Platynosomum iliciens,,,,,Animalia
Synhimantus hamatus,,,species,,Animalia
Physaloptera buteonis,,,species,,Animalia
Strigea falconis,,,species,,
Lynchia angustifrons,,,species,,Animalia
Echinoparyphium rubrum,,,species,,Metazoa
Echinostoma trivolvis,,,species,,Metazoa
Desportesius invaginatus,,,species,,Animalia
Ribeiroia thomasi,,,species,,Animalia
Strix nebulosa,,,species,,Animalia
Rhodococcus equi,,,species,,Bacteria
Micropleura vazi,,,species,,Animalia
Acanthostomum americanum,,,species,,Animalia
Contracaecum rudolphii,,,species,,Animalia
Colpocephalum osborni,,,species,,Animalia
Degeeriella guimaraesi,,,species,,Animalia
Tetrameres robusta,,,species,,Animalia
Crepidobothrium gerrardii,,,species,,Metazoa
Sebekia oxycephala,,,,,Animalia
Dracunculus dahomensis,,,species,,Animalia
Dicrocoelium infidum,,,species,,Animalia
Dracunculus ophidensis,,,species,,Animalia
Anaconda paramyxovirus,,,,,Orthornavirae
Falcon aviadenovirus A,,,subspecies,,
Coxiella burnetii,,,species,,
Pasteurella multocida,,,species,,Bacteria
Yersinia enterocolitica,,,species,,
Columbid alphaherpesvirus 1,,,species,,Heunggongvirae
Nosopon lucidum,,,species,,Animalia
Degeeriella rufa,,,species,,Animalia
Ornithoctona erythrocephala,,,species,,Animalia
Falco peregrinus,,,species,,Animalia
Turdus migratorius,,,species,,Animalia
Plestiodon skiltonianus,,,species,,Animalia
Accipiter cooperii,,,species,,Animalia
Laemobothrion tinnunculi,,,species,,Animalia
Degeeriella carruthi,,,species,,Metazoa
Pantherophis guttatus,,,species,,Animalia
Athesmia jolliei,,,species,,Animalia
Brachylecithum idahoensis,,,species,,Animalia
Prosthogonimus ovatus,,,species,,Animalia
Plasmodium relictum,,,species,,
Trypanosoma avium,,,species,,Animalia
Plasmodium circumflexum,,,species,,
Hesperocimex coloradensis,,,species,,Animalia
Lynchia nigra,,,species,,Animalia
Carnus hemapterus,,,species,,Animalia
Cardiofilaria inornata,,,species,,Animalia
Procyrnea spinosa,,,species,,Animalia
Cyrnea semilunaris,,,species,,Animalia
Platynosomum illiciens,,,species,,Animalia
Falconid adenovirus 1,,,,,Bamfordvirae
Aquila chrysaetos,,,species,,Animalia
Una virus,,,species,,Orthornavirae
Kurodaia caputonis,,,species,,Animalia
Strigiphilus microgenitalis,,,species,,Animalia
Physaloptera retusa,,,species,,Animalia
Skrjabinelazia intermedia,,,species,,Animalia
Borikenophis portoricensis anegadae,,,subspecies,,Animalia
Borikenophis portoricensis richardi,,,subspecies,,Animalia
Plasmodium minasense anolisi,,,subspecies,,Chromista
Rickettsia bellii,,,species,,Bacteria
Cryptosporidium parvum virus 1,,,species,,Orthornavirae
Eufriesea fallax,,,species,,Animalia
Apis mellifera,,,species,,Animalia
Plebeina hildebrandti,,,species,,Animalia
Sarangesa maculata,,,species,,Animalia
Junonia cymodoce,,,species,,Animalia
Eretis lugens,,,species,,Animalia
Junonia natalica,,,species,,Animalia
Junonia terea,,,species,,Animalia
Junonia orithya,,,species,,Animalia
Hypolimnas alimena,,,species,,Animalia
Junonia oenone,,,species,,Animalia
Doleschallia bisaltide,,,species,,Animalia
Catacroptera cloanthe,,,species,,Animalia
Hypolimnas misippus,,,species,,Animalia
Hypolimnas bolina,,,species,,Animalia
Junonia hierta,,,species,,Animalia
Junonia oenone oenone,,,subspecies,,Animalia
West African Asystasia virus 1,,,species,,Shotokuvirae
West African Asystasia virus 2,,,species,,Shotokuvirae
Asystasia mosaic Madagascar virus,,,species,,Shotokuvirae
Microplexia costimaculalis,,,species,,Animalia
Braunsapis foveata,,,species,,Animalia
Braunsapis angolensis,,,species,,Animalia
Mesta yellow vein mosaic virus,,,species,,Viruses
Tapirus terrestris,,,species,,Animalia
Sus scrofa,,,species,,Animalia
Ortalis canicollis,,,species,,Animalia
Thraupis episcopus,,,species,,Animalia
Tupinambis merianae,,,species,,Animalia
Ramphastos toco,,,species,,Animalia
Morpho helenor,,,species,,Animalia
Cebus imitator,,,species,,Metazoa
Saimiri oerstedii,,,species,,Animalia
Aotus zonalis,,,species,,Animalia
Ateles geoffroyi,,,species,,Animalia
Alouatta palliata,,,species,,Animalia
Cerdocyon thous,,,species,,Animalia
Myiodynastes maculatus,,,species,,Animalia
Aratinga aurea,,,species,,
Aratinga leucophthalma,,,species,,
Psarocolius decumanus,,,species,,Animalia
Thraupis palmarum,,,species,,
Saltator coerulescens,,,species,,Animalia
Piaractus mesopotamicus,,,species,,Animalia
Brotogeris versicolurus,,,species,,Animalia
Guira guira,,,species,,Animalia
Turdus rufiventris,,,species,,Animalia
Cuniculus paca,,,species,,
Tityra cayana,,,species,,Animalia
Tyrannus melancholicus,,,species,,Animalia
Cyanocorax cyanomelas,,,species,,Animalia
Nasua nasua,,,species,,Animalia
Pteroglossus castanotis,,,species,,Animalia
Chelonoidis carbonaria,,,species,,Animalia
Tachyphonus rufus,,,species,,Animalia
Icterus croconotus,,,species,,Animalia
Tayassu pecari,,,species,,Animalia
Crax fasciolata,,,species,,Animalia
Euphractus sexcinctus,,,species,,Animalia
Gnorimopsar chopi,,,species,,Animalia
Cyanocorax chrysops,,,species,,Animalia
Thraupis sayaca,,,species,,Animalia
Casiornis rufus,,,species,,Animalia
Ramphocelus carbo,,,species,,Animalia
Procyon cancrivorus,,,species,,Animalia
Pecari tajacu,,,species,,Animalia
Rhea americana,,,species,,Animalia
Pitangus sulphuratus,,,species,,Animalia
Trogon curucui,,,species,,Animalia
Alouatta caraya,,,species,,Animalia
Aburria cujubi,,,species,,Animalia
Mylossoma duriventre,,,species,,Animalia
Brycon amazonicus,,,species,,Animalia
Brycon melanopterus,,,species,,Animalia
Brycon falcatus,,,species,,Animalia
Myleus torquatus,,,species,,Animalia
Prodecatoma moreirai,,,species,,Animalia
Morpho achillaena,,,species,,Animalia
Aellopos fadus,,,species,,Animalia
Aellopos tantalus,,,species,,Animalia
Elsinoe genipae,,,species,,Fungi
Phyllachora genipae,,,species,,Fungi
Amazonia asterinoides,,,species,,Fungi
Deslandesia paulensis,,,species,,Fungi
Scolecostigmina genipae,,,species,,Fungi
Asterina genipae,,,species,,Fungi
Patagioenas squamosa,,,species,,Animalia
Chrysocyon brachyurus,,,species,,Animalia
Glossophaga soricina,,,species,,Animalia
Leptonycteris curasoae,,,species,,Animalia
Glossophaga leachii,,,species,,Animalia
Leptonycteris yerbabuenae,,,species,,Animalia
Choeronycteris mexicana,,,species,,Animalia
Leptonycteris nivalis,,,species,,Animalia
Choeroniscus godmani,,,species,,Animalia
Monophyllus redmani,,,species,,Animalia
Euphoria sepulcralis,,,species,,Animalia
Eumorpha labruscae,,,species,,Animalia
Turdus amaurochalinus,,,species,,
Callicebus coimbrai,,,species,,Animalia
Alouatta fusca,,,species,,Animalia
Elaenia chiriquensis,,,species,,Animalia
Saltator similis,,,species,,Animalia
Penelope superciliaris,,,species,,Animalia
Antilophia galeata,,,species,,Animalia
Dacnis cayana,,,species,,Animalia
Elaenia cristata,,,species,,Animalia
Ramphastos vitellinus,,,species,,
Turdus leucomelas,,,species,,Animalia
Bungalotis erythus,,,species,,Animalia
Hemithraupis guira,,,species,,Animalia
Eucometis penicillata,,,species,,Animalia
Cyanerpes cyaneus,,,species,,Animalia
Pachyramphus viridis,,,species,,Animalia
Celeus flavescens,,,species,,Animalia
Brotogeris chiriri,,,species,,Animalia
Momotus momota,,,species,,Animalia
Sirystes sibilator,,,species,,Animalia
Patagioenas speciosa,,,species,,Animalia
Saltator maximus,,,species,,Animalia
Camptostoma obsoletum,,,species,,Animalia
Cnemotriccus fuscatus,,,species,,Animalia
Megarynchus pitangua,,,species,,Animalia
Tachyphonus cristatus,,,species,,Animalia
Cyclarhis gujanensis,,,species,,Animalia
Vireo olivaceus,,,species,,Animalia
Tityra semifasciata,,,species,,Animalia
Cyanocorax cyanopogon,,,species,,Animalia
Nemosia pileata,,,species,,Animalia
Pipra fasciicauda,,,species,,Animalia
Turdus subalaris,,,species,,Animalia
Empidonomus varius,,,species,,Animalia
Tityra inquisitor,,,species,,Animalia
Leontocebus fuscicollis,,,species,,Animalia
Mazama americana,,,species,,Animalia
Cheracebus lucifer,,,species,,Animalia
Lagothrix lagothricha,,,species,,Animalia
Sapajus apella,,,species,,Animalia
Cebus albifrons,,,species,,Animalia
Saimiri sciureus,,,species,,Animalia
Potos flavus,,,species,,Animalia
Eira barbara,,,species,,Animalia
Plecturocebus discolor,,,species,,Animalia
Myoprocta pratti,,,species,,Metazoa
Pithecia aequatorialis,,,species,,Animalia
Dasyprocta fuliginosa,,,species,,Animalia
Pyroderus scutatus,,,species,,Animalia
Mionectes rufiventris,,,species,,Animalia
Thraupis ornata,,,species,,Animalia
Patagioenas picazuro,,,species,,Animalia
Phylloscartes oustaleti,,,species,,Animalia
Patagioenas plumbea,,,species,,Animalia
Selenidera maculirostris,,,species,,Animalia
Legatus leucophaius,,,species,,Animalia
Pachyramphus polychopterus,,,species,,Animalia
Penelope obscura,,,species,,Animalia
Lipaugus lanioides,,,species,,Animalia
Tersina viridis,,,species,,Animalia
Procnias nudicollis,,,species,,Animalia
Oxyruncus cristatus,,,species,,Animalia
Tangara cyanoptera,,,species,,Animalia
Schiffornis virescens,,,species,,Animalia
Platycichla flavipes,,,species,,Animalia
Orchesticus abeillei,,,species,,Animalia
Pipraeidea melanonota,,,species,,Animalia
Lathrotriccus euleri,,,species,,Animalia
Pachyramphus castaneus,,,species,,Animalia
Tachyphonus coronatus,,,species,,Animalia
Tangara seledon,,,species,,Animalia
Patagioenas cayennensis,,,species,,Animalia
Trogon rufus,,,species,,Animalia
Manacus aurantiacus,,,species,,Animalia
Orthogonys chloricterus,,,species,,Animalia
Trogon viridis,,,species,,Animalia
Saltator fuliginosus,,,species,,Animalia
Euphonia pectoralis,,,species,,Animalia
Carpornis cucullata,,,species,,Animalia
Attila rufus,,,species,,Animalia
Chlorophonia cyanea,,,species,,Animalia
Hemithraupis ruficapilla,,,species,,Animalia
Ilicura militaris,,,species,,Animalia
Carpornis melanocephala,,,species,,Animalia
Habia rubica,,,species,,Animalia
Aburria jacutinga,,,species,,Animalia
Cyanocorax caeruleus,,,species,,Animalia
Chlorophanes spiza,,,species,,Animalia
Euphonia violacea,,,species,,Animalia
Chiroxiphia caudata,,,species,,Animalia
Trichothraupis melanops,,,species,,Animalia
Coereba flaveola,,,species,,Animalia
Tangara preciosa,,,species,,Animalia
Trogon surrucura,,,species,,Animalia
Stephanophorus diadematus,,,species,,Animalia
Zonotrichia capensis,,,species,,Animalia
Cyanocompsa brissonii,,,species,,Animalia
Coryphospingus cucullatus,,,species,,Animalia
Euphonia cyanocephala,,,species,,Animalia
Euphonia chalybea,,,species,,Animalia
Pyrrhocoma ruficeps,,,species,,Animalia
Thraupis bonariensis,,,species,,Animalia
Elaenia parvirostris,,,species,,Animalia
Icterus pyrrhopterus,,,species,,Animalia
Pachyramphus validus,,,species,,Animalia
Euphonia chlorotica,,,species,,Animalia
Icterus cayanensis,,,species,,Animalia
Myiozetetes similis,,,species,,Animalia
Platyrrhinus lineatus,,,species,,Animalia
Artibeus lituratus,,,species,,Animalia
Artibeus obscurus,,,species,,Animalia
Trinycteris nicefori,,,species,,Animalia
Trachops cirrhosus,,,species,,Animalia
Dermanura cinerea,,,species,,Animalia
Rhinophylla pumilio,,,species,,Animalia
Dysithamnus mentalis,,,species,,Animalia
Pipra rubrocapilla,,,species,,Animalia
Chiroxiphia pareola,,,species,,Animalia
Artibeus planirostris,,,species,,Animalia
Carollia perspicillata,,,species,,Animalia
Phyllostomus elongatus,,,species,,Animalia
Artibeus fimbriatus,,,species,,Animalia
Tyrannus dominicensis,,,species,,Animalia
Vireo altiloquus,,,species,,Animalia
Euphonia musica,,,species,,Animalia
Myiarchus antillarum,,,species,,Animalia
Vireo latimeri,,,species,,Animalia
Tyrannus caudifasciatus,,,species,,Animalia
Icterus portoricensis,,,species,,Animalia
Vireo flavifrons,,,species,,Animalia
Cyanerpes caeruleus,,,species,,Animalia
Tiaris bicolor,,,species,,Animalia
Melanerpes portoricensis,,,species,,Animalia
Loxigilla portoricensis,,,species,,Animalia
Setophaga tigrina,,,species,,Animalia
Tachyphonus luctuosus,,,species,,Animalia
Zenaida asiatica,,,species,,Animalia
Turdus plumbeus,,,species,,Animalia
Nesospingus speculiferus,,,species,,Animalia
Setophaga caerulescens,,,species,,Animalia
Todus mexicanus,,,species,,Animalia
Margarops fuscatus,,,species,,Animalia
Spindalis portoricensis,,,species,,Animalia
Molothrus bonariensis,,,species,,Animalia
Zenaida aurita,,,species,,Animalia
Sparagmia gonoptera,,,species,,Animalia
Pleuroptya silicalis,,,species,,Animalia
Trichomerium didymopanacis,,,species,,Fungi
Nigroporus vinosus,,,species,,Fungi
Capnodium walteri,,,species,,Fungi
Nectria gigantospora,,,species,,Fungi
Mycosphaerella didymopanacis,,,species,,Fungi
Meliola didymopanacis,,,species,,Fungi
Lembosia morototoni,,,species,,Fungi
Calonectria kyotensis,,,species,,Fungi
Myiozetetes cayanensis,,,species,,Animalia
Schefflera morototoni,,,species,,Plantae
Leontopithecus rosalia,,,species,,Animalia
Brachyteles hypoxanthus,,,species,,Animalia
Leontopithecus chrysomelas,,,species,,Animalia
Brachyteles arachnoides,,,species,,Animalia
Conirostrum speciosum,,,species,,Animalia
Sapajus xanthosternos,,,species,,Animalia
Alouatta belzebul,,,species,,Animalia
Leontopithecus caissara,,,species,,Animalia
Setophaga pitiayumi,,,species,,Animalia
Alouatta macconnelli,,,species,,Animalia
Ateles paniscus,,,species,,Animalia
Myiopagis caniceps,,,species,,Animalia
Veniliornis spilogaster,,,species,,Animalia
Odontophorus capueira,,,species,,Animalia
Pionus maximiliani,,,species,,
Marmosops paulensis,,,species,,Animalia
Phibalura flavirostris,,,species,,Animalia
Phyllomyias fasciatus,,,species,,Animalia
Pygoderma bilabiatum,,,species,,Animalia
Triclaria malachitacea,,,species,,Animalia
Neopelma aurifrons,,,species,,Animalia
Colaptes campestris,,,species,,Animalia
Forpus xanthopterygius,,,species,,
Laniisoma elegans,,,species,,Animalia
Conopias trivirgatus,,,species,,Animalia
Vampyressa pusilla,,,species,,Animalia
Micoureus demerarae,,,species,,Animalia
Mimus saturninus,,,species,,Animalia
Haplospiza unicolor,,,species,,Animalia
Sturnira tildae,,,species,,Animalia
Baryphthengus ruficapillus,,,species,,Animalia
Pyrrhura frontalis,,,species,,Animalia
Brotogeris tirica,,,species,,Animalia
Hylophilus poicilotis,,,species,,Animalia
Didelphis aurita,,,species,,Animalia
Melanerpes flavifrons,,,species,,Animalia
Cissopis leverianus,,,species,,Animalia
Tangara desmaresti,,,species,,Animalia
Thraupis cyanoptera,,,species,,Animalia
Philander frenatus,,,species,,Animalia
Sturnira lilium,,,species,,Animalia
Baillonius bailloni,,,species,,Animalia
Tapirira guianensis,,,species,,Viridiplantae
Iguana iguana rhinolopha,,,,,Animalia
Asystasia gangetica,,,species,,Plantae
Genipa americana,,,species,,Plantae
Pseudobombax ellipticum,,,species,,Plantae
Abudefduf saxatilis,,,species,,Animalia
Abudefduf taurus,,,species,,Animalia
Acanthostracion polygonius,,,species,,Animalia
Acanthostracion quadricornis,,,species,,Animalia
Acanthostracion quadricornis,,,species,,
Acanthurus bahianus,,,species,,Animalia
Acanthurus chirurgus,,,species,,Animalia
Acanthurus coeruleus,,,species,,Animalia
Aetobatus narinari,,,species,,Animalia
Alphestes afer,,,species,,Animalia
Aluterus schoepfii,,,species,,Animalia
Aluterus scriptus,,,species,,Animalia
Anisotremus surinamensis,,,species,,Animalia
Anisotremus virginicus,,,species,,Animalia
Archosargus rhomboidalis,,,species,,Animalia
Ariopsis felis,,,species,,
Aulostomus maculatus,,,species,,Animalia
Bagre marinus,,,species,,Animalia
Bathynomus giganteus,,,species,,
Bodianus rufus,,,species,,
Bodianus rufus,,,species,,Animalia
Bothus lunatus,,,species,,Animalia
Bothus ocellatus,,,species,,Animalia
Calamus bajonado,,,species,,Animalia
Calamus calamus,,,species,,Animalia
Calamus pennatula,,,species,,Animalia
Canis lupus familiaris,,,subspecies,,Animalia
Cantherhines macrocerus,,,species,,Animalia
Cantherhines pullus,,,species,,Animalia
Canthidermis sufflamen,,,species,,
Canthidermis sufflamen,,,species,,Animalia
Carangoides bartholomaei,,,species,,Animalia
Caranx latus,,,species,,Animalia
Caranx ruber,,,species,,Animalia
Carcharhinus acronotus,,,species,,Animalia
Carcharhinus falciformis,,,species,,Animalia
Carcharhinus leucas,,,species,,Animalia
Carcharhinus limbatus,,,species,,Animalia
Carcharhinus longimanus,,,species,,Animalia
Carcharhinus obscurus,,,species,,
Carcharhinus perezii,,,species,,Animalia
Caretta caretta,,,species,,
Cephalopholis cruentata,,,species,,Animalia
Cephalopholis fulva,,,species,,
Cetorhinus maximus,,,species,,
Chaetodipterus faber,,,species,,Animalia
Chaetodon capistratus,,,species,,Animalia
Chaetodon sedentarius,,,species,,Animalia
Chaetodon striatus,,,species,,
Chelonia mydas,,,species,,
Chilomycterus antennatus,,,species,,Animalia
Chromis multilineata,,,species,,Animalia
Clarias ebriensis,,,species,,Animalia
Clepticus parrae,,,species,,Animalia
Dactylopterus volitans,,,species,,Animalia
Dasyatis americana,,,species,,Animalia
Decapterus punctatus,,,species,,
Diodon holocanthus,,,species,,
Diodon holocanthus,,,species,,Animalia
Diodon hystrix,,,species,,
Diodon hystrix,,,species,,Animalia
Diplodus caudimacula,,,species,,Animalia
Dugong dugon,,,species,,
Echidna catenata,,,species,,Animalia
Elops saurus,,,species,,Animalia
Epinephelus adscensionis,,,species,,Animalia
Epinephelus guttatus,,,species,,
Epinephelus itajara,,,species,,Animalia
Epinephelus striatus,,,species,,Animalia
Equetus lanceolatus,,,species,,Animalia
Equetus punctatus,,,species,,Animalia
Eucinostomus argenteus,,,species,,Animalia
Euthynnus alletteratus,,,species,,Animalia
Felis catus,,,species,,Animalia
Fistularia petimba,,,species,,
Fistularia tabacaria,,,species,,Animalia
Gerres cinereus,,,species,,Animalia
Ginglymostoma cirratum,,,species,,
Gymnothorax moringa,,,species,,Animalia
Gymnothorax vicinus,,,species,,Animalia
Haemulon album,,,species,,Animalia
Haemulon aurolineatum,,,species,,Animalia
Haemulon carbonarium,,,species,,Animalia
Haemulon chrysargyreum,,,species,,Animalia
Haemulon flavolineatum,,,species,,Animalia
Haemulon macrostomum,,,species,,Animalia
Haemulon plumierii,,,species,,Animalia
Haemulon sciurus,,,species,,Animalia
Haemulon vittatum,,,species,,Animalia
Halichoeres bivittatus,,,species,,Animalia
Halichoeres garnoti,,,species,,
Halichoeres poeyi,,,species,,Animalia
Halichoeres radiatus,,,species,,
Harengula clupeola,,,species,,Animalia
Harengula humeralis,,,species,,Animalia
Hemiramphus balao,,,species,,Animalia
Hemiramphus brasiliensis,,,species,,Animalia
Heteroconger hassi,,,species,,Animalia
Heteroconger longissimus,,,species,,Animalia
Heteropriacanthus cruentatus,,,species,,Animalia
Hevea brasiliensis,,,species,,Plantae
Holacanthus ciliaris,,,species,,
Holacanthus tricolor,,,species,,Animalia
Holocentrus adscensionis,,,species,,Animalia
Holocentrus rufus,,,species,,Animalia
Homo sapiens,,,species,,Animalia
Kyphosus incisor,,,species,,Animalia
Kyphosus sectatrix,,,species,,Animalia
Lachnolaimus maximus,,,species,,Animalia
Lactophrys bicaudalis,,,species,,Animalia
Lactophrys trigonus,,,species,,Animalia
Lagocephalus laevigatus,,,species,,Animalia
Lobatus gigas,,,species,,
Lophius americanus,,,species,,
Lutjanus analis,,,species,,Animalia
Lutjanus apodus,,,species,,Animalia
Lutjanus cyanopterus,,,species,,
Lutjanus cyanopterus,,,species,,Animalia
Lutjanus griseus,,,species,,Animalia
Lutjanus jocu,,,species,,Animalia
Lutjanus mahogoni,,,species,,Animalia
Lutjanus synagris,,,species,,Animalia
Malacanthus plumieri,,,species,,Animalia
Megalops atlanticus,,,species,,Animalia
Melichthys niger,,,species,,
Microspathodon chrysurus,,,species,,Animalia
Monacanthus ciliatus,,,species,,Animalia
Mugil curema,,,species,,Animalia
Mulloidichthys martinicus,,,species,,Animalia
Mustelus canis,,,species,,Animalia
Mycteroperca bonaci,,,species,,Animalia
Mycteroperca tigris,,,species,,Animalia
Mycteroperca venenosa,,,species,,Animalia
Myrichthys breviceps,,,species,,Animalia
Myrichthys ocellatus,,,species,,Animalia
Myripristis jacobus,,,species,,Animalia
Negaprion acutidens,,,species,,Animalia
Negaprion brevirostris,,,species,,Animalia
Neoniphon marianus,,,species,,
Neoniphon marianus,,,species,,Animalia
Ocyurus chrysurus,,,species,,Animalia
Odontoscion dentex,,,species,,Animalia
Ogcocephalus nasutus,,,species,,Animalia
Oligoplites saurus,,,species,,
Onychoteuthis banksii,,,species,,
Ophichthus ophis,,,species,,
Opisthonema oglinum,,,species,,Animalia
Ornithoteuthis volatilis,,,species,,
Ovis aries,,,species,,Animalia
Parablennius marmoreus,,,species,,Animalia
Paranthias furcifer,,,species,,Animalia
Pareques acuminatus,,,species,,Animalia
Pempheris schomburgkii,,,species,,Animalia
Phoebastria nigripes,,,species,,Animalia
Platybelone argalus,,,species,,Animalia
Pomacanthus arcuatus,,,species,,Animalia
Pomacanthus paru,,,species,,
Pomatomus saltatrix,,,species,,
Priacanthus arenatus,,,species,,Animalia
Pseudupeneus maculatus,,,species,,
Ptereleotris helenae,,,species,,Animalia
Ranina ranina,,,species,,
Rhinesomus triqueter,,,species,,Animalia
Rhizoprionodon porosus,,,species,,Animalia
Rypticus saponaceus,,,species,,Animalia
Sargocentron vexillarium,,,species,,Animalia
Scarus coelestinus,,,species,,Animalia
Scarus guacamaia,,,species,,Animalia
Scarus iseri,,,species,,Animalia
Scarus taeniopterus,,,species,,Animalia
Scarus vetula,,,species,,Animalia
Scomber scombrus,,,species,,
Scomberomorus cavalla,,,species,,Animalia
Scomberomorus regalis,,,species,,Animalia
Scorpaena brasiliensis,,,species,,Animalia
Scorpaena grandicornis,,,species,,Animalia
Scorpaena plumieri,,,species,,Animalia
Selar crumenophthalmus,,,species,,
Seriola dumerili,,,species,,Animalia
Sparisoma aurofrenatum,,,species,,Animalia
Sparisoma chrysopterum,,,species,,Animalia
Sparisoma radians,,,species,,Animalia
Sparisoma rubripinne,,,species,,Animalia
Sparisoma viride,,,species,,Animalia
Sphyraena barracuda,,,species,,Animalia
Sphyraena borealis,,,species,,Animalia
Sphyraena picudilla,,,species,,
Sphyraena picudilla,,,species,,Animalia
Sphyrna lewini,,,species,,Animalia
Sphyrna tiburo,,,species,,Animalia
Stegastes fuscus,,,species,,Animalia
Stenella attenuata,,,species,,
Strongylura timucu,,,species,,Animalia
Synodus foetens,,,species,,Animalia
Synodus intermedius,,,species,,Animalia
Synodus synodus,,,species,,Animalia
Taningia danae,,,species,,
Trachinotus falcatus,,,species,,Animalia
Trachinotus goodei,,,species,,Animalia
Triaenodon obesus,,,species,,
Tursiops aduncus,,,species,,
Tylosurus acus,,,species,,Animalia
Tylosurus acus acus,,,species,,
Tylosurus crocodilus crocodilus,,,subspecies,,Animalia
Tylosurus crocodilus,,,species,,
Xyrichtys novacula,,,species,,Animalia
unidentified,,,species,,
Atheris squamigera,,,species,,Animalia
Atheris squamigera,,,species,,Metazoa
Boa constrictor,,,species,,Animalia
Boiga irregularis,,,species,,Animalia
Corallus caninus,,,species,,Animalia
Crotalus scutulatus,,,species,,Animalia
Crotalus viridis,,,species,,Animalia
Ctenosaura bakeri,,,species,,Animalia
Ctenosaura similis,,,species,,Animalia
Lacerta viridis,,,species,,Animalia
Morelia spilota,,,species,,Animalia
Opheodrys aestivus,,,species,,Animalia
Orthriophis moellendorffi,,,species,,Animalia
Orthriophis taeniurus,,,species,,Animalia
Python regius,,,species,,Animalia
Testudo graeca,,,species,,Animalia
Xenosaurus grandis,,,species,,Animalia
Zamenis longissimus,,,species,,Animalia
Ameiurus melas,,,species,,Animalia
Silurus glanis,,,species,,Animalia
Aedes aegypti,,,species,,Metazoa
Aedes aegypti,,,species,,Animalia
Aedes scapularis,,,species,,Animalia
Artibeus jamaicensis,,,species,,Animalia
Artibeus jamaicensis,,,species,,
Artibeus lituratus,,,species,,
Artibeus planirostris,,,species,,Metazoa
Bos taurus,,,species,,Metazoa
Bos taurus,,,species,,Animalia
Butorides virescens,,,species,,Animalia
Caiman crocodilus,,,species,,Animalia
Caluromys derbianus,,,species,,Animalia
Canis latrans,,,species,,Animalia
Canis lupus,,,species,,
Capra hircus,,,species,,Animalia
Carollia brevicauda,,,species,,Animalia
Carollia brevicauda,,,species,,
Carollia perspicillata,,,species,,
Carollia subrufa,,,species,,Animalia
Carollia subrufa,,,species,,
Coragyps atratus,,,species,,Animalia
Corvus brachyrhynchos,,,species,,Animalia
Crotophaga sulcirostris,,,,,Animalia
Culex coronator,,,species,,Metazoa
Culex coronator,,,species,,Animalia
Culex erraticus,,,species,,Metazoa
Culex mollis,,,species,,Metazoa
Culex mollis,,,species,,Animalia
Culex nigripalpus,,,species,,Metazoa
Culex pipiens,,,species,,Metazoa
Culex portesi,,,species,,Metazoa
Culex portesi,,,species,,Animalia
Culex taeniopus,,,species,,Metazoa
Dasypus novemcinctus,,,species,,Animalia
Dermanura phaeotis,,,species,,Metazoa
Dermanura phaeotis,,,species,,Animalia
Desmodus rotundus,,,species,,Animalia
Desmodus rotundus,,,species,,
Didelphis marsupialis,,,species,,Animalia
Didelphis marsupialis,,,species,,
Didelphis marsupialis,,,species,,Metazoa
Dipodomys microps,,,species,,Animalia
Dumetella carolinensis,,,species,,Animalia
Egretta caerulea,,,species,,Animalia
Equus asinus,,,species,,Animalia
Equus asinus,,,species,,
Equus asinus,,,species,,Metazoa
Equus caballus,,,species,,Animalia
Equus caballus,,,species,,Metazoa
Gallus gallus,,,species,,Animalia
Geomys bursarius,,,species,,Animalia
Glossophaga commissarisi,,,species,,Animalia
Glossophaga commissarisi,,,species,,
Glossophaga soricina,,,species,,
Heteromys anomalus,,,species,,Animalia
Heteromys anomalus,,,species,,
Heteromys salvini,,,species,,Metazoa
Homo sapiens,,,species,,
Homo sapiens,,,species,,Metazoa
Hoplomys gymnurus,,,species,,Animalia
Hoplomys gymnurus,,,species,,
Hylaeamys laticeps,,,species,,Animalia
Icterus prosthemelas,,,species,,Animalia
Lepus californicus,,,species,,Animalia
Liomys salvini,,,species,,Animalia
Mansonia titillans,,,species,,Metazoa
Marmosa robinsoni,,,species,,Animalia
Melanomys caliginosus,,,species,,Animalia
Melanomys caliginosus,,,species,,
Meleagris gallopavo,,,species,,Metazoa
Mesocricetus auratus,,,species,,Metazoa
Mus musculus,,,species,,Animalia
Mus musculus,,,species,,
Myiozetetes granadensis,,,species,,Animalia
Myotis nigricans,,,species,,Animalia
Myotis nigricans,,,species,,
Nectomys squamipes,,,species,,Animalia
Ochlerotatus fulvus,,,species,,Metazoa
Ochlerotatus scapularis,,,species,,Metazoa
Odocoileus virginianus,,,species,,Animalia
Oeciacus vicarius,,,species,,Metazoa
Oreoscoptes montanus,,,species,,Animalia
Oryzomys alfaroi,,,species,,Animalia
Oryzomys palustris,,,species,,Animalia
Peromyscus gossypinus,,,species,,Animalia
Peromyscus gossypinus,,,species,,
Peromyscus maniculatus,,,species,,Animalia
Philander opossum,,,species,,Animalia
Philander opossum,,,species,,
Philander opossum,,,species,,Metazoa
Phyllostomus discolor,,,species,,Animalia
Phyllostomus discolor,,,species,,
Proechimys guairae,,,species,,Animalia
Proechimys guyannensis,,,species,,
Proechimys semispinosus,,,species,,Animalia
Proechimys semispinosus,,,species,,
Psorophora confinnis,,,species,,Metazoa
Pteroglossus torquatus,,,species,,Animalia
Quiscalus quiscula,,,species,,Animalia
Ramphastos sulfuratus,,,species,,
Ramphastos swainsonii,,,species,,Animalia
Ramphocelus passerinii,,,species,,Animalia
Rattus norvegicus,,,species,,Animalia
Rattus rattus,,,species,,Animalia
Rattus rattus,,,species,,
Reithrodontomys megalotis,,,species,,Animalia
Sciurus granatensis,,,species,,Animalia
Sciurus granatensis,,,species,,
Sciurus variegatoides,,,species,,Animalia
Sciurus variegatoides,,,species,,
Setophaga coronata,,,,,Animalia
Sigmodon hispidus,,,species,,Animalia
Sigmodon hispidus,,,species,,
Sigmodon hispidus,,,species,,Metazoa
Sphiggurus mexicanus,,,species,,Animalia
Sturnira lilium,,,species,,Metazoa
Sturnira lilium,,,species,,
Sturnira ludovici,,,species,,Animalia
Sturnira ludovici,,,species,,
Sus scrofa scrofa,,,subspecies,,Animalia
Sus scrofa domesticus,,,subspecies,,Metazoa
Sylvilagus audubonii,,,species,,Animalia
Sylvilagus floridanus,,,species,,Animalia
Sylvilagus nuttallii,,,species,,Animalia
Transandinomys bolivaris,,,species,,Animalia
Turdus grayi,,,species,,Animalia
Urocyon cinereoargenteus,,,species,,Animalia
Uroderma bilobatum,,,species,,Animalia
Uroderma bilobatum,,,species,,
Ursus americanus,,,species,,Animalia
Vulpes macrotis,,,species,,Animalia
Zygodontomys brevicauda,,,species,,Animalia
Zygodontomys brevicauda,,,species,,
Cyclura cornuta,,,species,,Metazoa
Burkholderia pseudomallei 9,,,,,
Burkholderia pseudomallei 1026b,,,,,
Ailuropoda melanoleuca,,,species,,Metazoa
Amazona albifrons,,,species,,
Bubalus bubalis,,,species,,Animalia
Cacatua galerita,,,species,,Animalia
Cacatua galerita,,,species,,Metazoa
Caenorhabditis elegans,,,species,,Metazoa
Camelus dromedarius,,,species,,Animalia
Camelus dromedarius,,,species,,Metazoa
Canis lupus familiaris,,,subspecies,,Metazoa
Capra hircus,,,species,,Metazoa
Capricornis sumatraensis,,,,,Animalia
Cervus nippon,,,species,,Animalia
Cervus nippon,,,species,,Metazoa
Dama dama,,,species,,Animalia
Dama dama,,,species,,Metazoa
Dromaius novaehollandiae,,,species,,Animalia
Eolophus roseicapilla,,,species,,Animalia
Eolophus roseicapilla,,,species,,Metazoa
Erythrocebus patas,,,species,,Animalia
Eudyptes chrysolophus,,,species,,Animalia
Felis catus,,,species,,Metazoa
Felis catus,,,species,,
Galleria mellonella,,,species,,Metazoa
Geopelia striata placida,,,subspecies,,Animalia
Halichoerus grypus,,,species,,Animalia
Halichoerus grypus,,,species,,Metazoa
Hylobates lar,,,species,,Animalia
Hylobates sp.,,,species,,Metazoa
Lagenorhynchus obliquidens,,,species,,Animalia
Lagenorhynchus obliquidens,,,species,,Metazoa
Lorius chlorocercus,,,species,,Animalia
Macaca arctoides,,,species,,Animalia
Macaca fascicularis,,,species,,Animalia
Macaca mulatta,,,species,,Animalia
Macaca nemestrina,,,species,,Animalia
Macropus sp.,,,species,,Metazoa
Mus musculus,,,species,,Metazoa
Orcinus orca,,,species,,Animalia
Orcinus orca,,,species,,Metazoa
Ovis aries,,,species,,Metazoa
Ovis aries musimon,,,subspecies,,Metazoa
Pan troglodytes,,,species,,Animalia
Phascolarctos cinereus,,,species,,Animalia
Phascolarctos cinereus,,,species,,Metazoa
Presbytis melalophos,,,species,,Animalia
Pseudorca crassidens,,,species,,Animalia
Pseudorca crassidens,,,species,,Metazoa
Sus scrofa,,,species,,Metazoa
Tursiops truncatus,,,species,,Metazoa
Vicugna pacos,,,species,,
Vicugna pacos,,,species,,Metazoa
Zalophus californianus,,,species,,Animalia
Zalophus californianus,,,species,,Metazoa
Aldabrachelys gigantea,,,species,,Animalia
Pogona vitticeps,,,species,,Animalia
Sauromalus ater,,,species,,Animalia
Stigmochelys pardalis,,,species,,
Chlamydia pneumoniae AR39,,,,,
Bitis arietans,,,species,,Animalia
Chamaeleo dilepis,,,species,,Animalia
Litoria citropa,,,species,,Animalia
Perameles bougainville,,,species,,
Potorous gilbertii,,,species,,Animalia
Python molurus,,,species,,Animalia
Xenopus tropicalis,,,species,,Animalia
Lynx pardinus,,,species,,Animalia
Boa imperator,,,species,,Metazoa
Ctenosaura pectinata,,,species,,Animalia
Dasyprocta punctata,,,species,,Animalia
Florisuga mellivora,,,species,,Animalia
Sciurus colliaei,,,species,,Animalia
Streptopelia decaocto,,,species,,Animalia
Trachemys scripta troostii,,,,,
Trachemys scripta ornata,,,,,
Trachemys scripta venusta,,,,,
Agelaius phoeniceus,,,species,,Animalia
Aix sponsa,,,species,,Animalia
Amphiuma tridactylum,,,species,,Animalia
Anas platyrhynchos,,,species,,Animalia
Anaxyrus americanus,,,species,,Animalia
Anaxyrus terrestris,,,species,,Animalia
Anolis carolinensis,,,species,,Animalia
Anolis sagrei,,,species,,Animalia
Blarina brevicauda,,,species,,Animalia
Bonasa umbellus,,,species,,Animalia
Clarias batrachus,,,species,,Animalia
Colaptes auratus,,,species,,Animalia
Columba livia,,,species,,Animalia
Condylura cristata,,,species,,Animalia
Cyanocitta cristata,,,species,,Animalia
Diadophis punctatus,,,species,,Animalia
Dorosoma cepedianum,,,species,,Animalia
Elgaria multicarinata,,,species,,Animalia
Glaucomys volans,,,species,,Animalia
Haldea striatula,,,species,,Animalia
Hylocichla mustelina,,,species,,Animalia
Microtus californicus,,,species,,Animalia
Microtus pennsylvanicus,,,species,,Animalia
Mimus polyglottos,,,species,,Animalia
Molothrus ater,,,species,,Animalia
Myodes gapperi,,,species,,Animalia
Napaeozapus insignis,,,species,,Animalia
Nerodia floridana,,,species,,Animalia
Nerodia sipedon,,,species,,Animalia
Nocomis leptocephalus,,,species,,
Ondatra zibethicus,,,species,,Animalia
Osteopilus septentrionalis,,,species,,Animalia
Otospermophilus beecheyi,,,species,,Animalia
Peromyscus leucopus,,,species,,Animalia
Philothamnus hoplogaster,,,species,,Animalia
Procambarus clarkii,,,species,,Animalia
Regina grahamii,,,species,,Animalia
Rena dulcis,,,species,,Animalia
Scalopus aquaticus,,,species,,Animalia
Sceloporus olivaceus,,,species,,Animalia
Sciurus carolinensis,,,species,,Animalia
Sciurus niger,,,species,,Animalia
Sorex cinereus,,,species,,Animalia
Stagmomantis limbata,,,species,,Animalia
Sturnus vulgaris,,,species,,Animalia
Tadarida brasiliensis,,,species,,Animalia
Tamias striatus,,,species,,Animalia
Tamiasciurus hudsonicus,,,species,,Animalia
Thamnophis marcianus,,,species,,Animalia
Thomomys bottae,,,species,,Animalia
Zenaida macroura,,,species,,Animalia
Amazona vittata,,,species,,Animalia
Anaxyrus cognatus,,,species,,Animalia
Anolis equestris,,,species,,Animalia
Anolis evermanni,,,species,,Animalia
Anolis gundlachi,,,species,,Animalia
Anolis stratulus,,,species,,Animalia
Baeolophus bicolor,,,species,,Animalia
Bombycilla cedrorum,,,species,,Animalia
Cardinalis cardinalis,,,species,,Animalia
Coccyzus americanus,,,species,,Animalia
Coluber constrictor,,,species,,Animalia
Crotaphytus collaris,,,species,,Animalia
Dendroica angelae,,,species,,Animalia
Elaphe obsoleta,,,species,,Animalia
Eleutherodactylus coqui,,,species,,Animalia
Eleutherodactylus eneidae,,,species,,Animalia
Eleutherodactylus hedricki,,,species,,Animalia
Eleutherodactylus portoricensis,,,species,,Animalia
Eleutherodactylus richmondi,,,species,,Animalia
Eleutherodactylus wightmanae,,,species,,Animalia
Geothlypis formosa,,,species,,Animalia
Icterus dominicensis,,,species,,Animalia
Junco hyemalis,,,species,,Animalia
Lampropeltis calligaster,,,species,,Animalia
Lasiurus borealis,,,species,,Animalia
Leiothlypis ruficapilla,,,species,,Animalia
Lepus americanus,,,species,,Animalia
Lithobates catesbeianus,,,species,,Animalia
Lithobates pipiens,,,species,,Animalia
Lithobates sylvaticus,,,species,,Animalia
Meleagris gallopavo,,,species,,Animalia
Melospiza melodia,,,species,,Animalia
Microtus ochrogaster,,,species,,Animalia
Microtus pinetorum,,,species,,Animalia
Mustela frenata,,,species,,Animalia
Myotis lucifugus,,,species,,Animalia
Opheodrys vernalis,,,species,,Animalia
Parascalops breweri,,,species,,Animalia
Passer domesticus,,,species,,Animalia
Passerella iliaca,,,species,,Animalia
Pheucticus ludovicianus,,,species,,Animalia
Pipilo erythrophthalmus,,,species,,Animalia
Plestiodon fasciatus,,,species,,Animalia
Plestiodon obsoletus,,,species,,Animalia
Scolopendra alternans,,,species,,Animalia
Seiurus aurocapilla,,,species,,Animalia
Sorex fumeus,,,species,,Animalia
Sorex palustris,,,species,,Animalia
Spindalis zena,,,species,,Animalia
Storeria dekayi,,,species,,Animalia
Storeria occipitomaculata,,,species,,Animalia
Sylvilagus transitionalis,,,species,,Animalia
Tamias minimus,,,species,,Animalia
Thamnophis sirtalis,,,species,,Animalia
Zonotrichia albicollis,,,species,,Animalia
Crocodylus acutus,,,species,,
Pterois volitans,,,species,,Animalia
Elanoides forficatus forficatus,,,subspecies,,Animalia
Eunectes murinus,,,species,,Metazoa
Crotophaga ani,,,species,,Animalia
Didelphis albiventris,,,species,,Animalia
Heros notatus,,,species,,
Jacana jacana,,,species,,Animalia
Oxybelis aeneus,,,species,,Animalia
Hydrochoerus hydrochaeris,,,species,,Animalia
Falco sparverius dominicensis,,,subspecies,,Animalia
Falco sparverius,,,species,,Metazoa
Abrothrix olivaceus,,,species,,Animalia
Akodon olivaceus,,,species,,Animalia
Ammodramus savannarum,,,species,,Animalia
Ammospermophilus harrisii,,,species,,Animalia
Amphispiza bilineata,,,species,,Animalia
Anax junius,,,species,,Animalia
Anolis gingivinus,,,species,,Animalia
Anolis pogus,,,species,,Animalia
Anthus spinoletta,,,species,,Animalia
Arizona elegans,,,species,,Animalia
Aspidoscelis sexlineatus,,,species,,Animalia
Baiomys taylori,,,species,,Animalia
Barisia imbricata,,,species,,Animalia
Calamospiza melanocorys,,,species,,Animalia
Calidris minutilla,,,species,,Animalia
Chaetodipus penicillatus,,,species,,Animalia
Chordeiles minor,,,species,,Animalia
Cnemidophorus tigris,,,species,,Animalia
Cotinis mutabilis,,,species,,Animalia
Dendroica petechia,,,species,,Animalia
Eptesicus fuscus,,,species,,Animalia
Eremophila alpestris,,,species,,Animalia
Eumeces brevirostris,,,species,,Animalia
Euphagus cyanocephalus,,,species,,Animalia
Haemorhous mexicanus,,,species,,Animalia
Lanius ludovicianus,,,species,,Animalia
Loxigilla noctis,,,species,,Animalia
Magicicada septendecim,,,species,,Animalia
Microtus montanus,,,species,,Animalia
Nyctanassa violacea,,,species,,Animalia
Nyctinomops laticaudatus,,,species,,Animalia
Octodon degus,,,species,,Animalia
Oligoryzomys longicaudatus,,,species,,Animalia
Passerculus sandwichensis,,,species,,Animalia
Perognathus flavus,,,species,,Animalia
Philodryas chamissonis,,,species,,Animalia
Phrynosoma platyrhinos,,,species,,Animalia
Podarcis siculus campestris,,,subspecies,,Animalia
Pseudacris hypochondriaca,,,species,,Animalia
Pseudacris regilla,,,species,,Animalia
Pygochelidon cyanoleuca,,,species,,Animalia
Rana aurora,,,species,,Animalia
Scapteriscus didactylus,,,species,,Animalia
Sceloporus grammicus,,,species,,Animalia
Sceloporus jarrovii,,,species,,Animalia
Sceloporus magister,,,species,,Animalia
Sceloporus occidentalis,,,species,,Animalia
Sceloporus poinsettii,,,species,,Animalia
Sceloporus scalaris,,,species,,Animalia
Schistocerca americana,,,species,,Animalia
Setophaga americana,,,species,,Animalia
Setophaga townsendi,,,species,,Animalia
Sialia currucoides,,,species,,Animalia
Sigmodon fulviventer,,,species,,Animalia
Sonora semiannulata,,,species,,Animalia
Spea hammondii,,,species,,Animalia
Spinus psaltria,,,species,,Animalia
Spizelloides arborea,,,species,,Animalia
Stenopelmatus longispinus,,,species,,Animalia
Sturnella magna,,,species,,Animalia
Tamias dorsalis,,,species,,Animalia
Thomomys townsendii,,,species,,Animalia
Uta stansburiana,,,species,,Animalia
Vanellus chilensis,,,species,,Animalia
Xylocopa virginica,,,species,,Animalia
Zapus hudsonius,,,species,,Animalia
Zenaida auriculata,,,species,,Animalia
Zonotrichia leucophrys,,,species,,Animalia
Cardinalis sinuatus,,,species,,Animalia
Chaetodipus hispidus,,,species,,Animalia
Cnemidophorus gularis,,,species,,
Cnemidophorus sexlineatus,,,species,,Animalia
Columbina talpacoti,,,species,,Animalia
Dipodomys compactus,,,species,,Animalia
Gastrophryne olivacea,,,species,,Animalia
Holbrookia propinqua,,,species,,Animalia
Myiarchus tyrannulus,,,species,,Animalia
Nycticeius humeralis,,,species,,Animalia
Paroaria coronata,,,species,,Animalia
Passerina caerulea,,,species,,Animalia
Phrynosoma cornutum,,,species,,Animalia
Plestiodon tetragrammus,,,species,,Animalia
Sceloporus variabilis,,,species,,Animalia
Scincella lateralis,,,species,,Animalia
Smilisca baudinii,,,species,,Animalia
Tarentola mauritanica,,,species,,Animalia
Thryomanes bewickii,,,species,,Animalia
Lepidochelys olivacea,,,species,,Animalia
Cnemidophorus lemniscatus,,,species,,Animalia
Phyllodactylus palmeus,,,species,,Animalia
Eleutherodactylus johnstonei,,,species,,Animalia
Copeoglossum nigropunctatum,,,species,,Animalia
Gonatodes humeralis,,,species,,Animalia
Plica plica,,,species,,Animalia
Plica umbra,,,species,,Animalia
Polychrus marmoratus,,,species,,Animalia
Amazilia tzacatl,,,species,,Animalia
Ameiva ameiva,,,species,,Animalia
Anolis scypheus,,,species,,Animalia
Catharus occidentalis,,,species,,Animalia
Chelidoptera tenebrosa,,,species,,Animalia
Columbina passerina,,,species,,
Columbina squammata,,,species,,Animalia
Dendrocincla homochroa,,,species,,Animalia
Eumomota superciliosa,,,species,,Animalia
Hemidactylus mabouia,,,species,,Animalia
Holcosus festivus festivus,,,subspecies,,Animalia
Holcosus festivus,,,species,,Animalia
Holcosus undulatus,,,species,,
Monasa nigrifrons,,,species,,Animalia
Phaethornis longirostris,,,species,,Animalia
Pipra erythrocephala,,,species,,Animalia
Spinus notatus,,,species,,Animalia
Sturnella militaris,,,species,,Animalia
Taraba major,,,species,,Animalia
Troglodytes aedon,,,species,,Animalia
Xiphorhynchus flavigaster,,,species,,Animalia
Anolis brasiliensis,,,species,,Animalia
Basiliscus basiliscus,,,species,,Animalia
Enyalioides laticeps,,,species,,Animalia
Kentropyx calcarata,,,species,,Animalia
Neusticurus bicarinatus,,,species,,Animalia
Ameiva exsul,,,species,,Animalia
Amphisbaena fenestrata,,,species,,Animalia
Anolis cristatellus,,,species,,Animalia
Anolis monensis,,,species,,Animalia
Anolis pulchellus,,,species,,Animalia
Cyclura pinguis,,,species,,Animalia
Diploglossus pleii,,,species,,Animalia
Eleutherodactylus antillensis,,,species,,Animalia
Hemidactylus,,,species,,Animalia
Magliophis exiguum,,,species,,Animalia
Sphaerodactylus macrolepis,,,species,,Animalia
Sphaerodactylus nicholsi,,,species,,Animalia
Typhlops platycephalus,,,species,,Animalia
Culex pipiens,,,species,,Animalia
Conolophus subcristatus,,,species,,Animalia
Cyclura cornuta stejnegeri,,,,,Animalia
Sauromalus obesus,,,species,,Animalia
Cnemidophorus murinus ruthveni,,,subspecies,,Animalia
Anolis coelestinus,,,species,,Animalia
Anolis cybotes,,,species,,Animalia
Anolis distichus,,,species,,Animalia
Norops capito,,,species,,Animalia
Norops limifrons,,,species,,Animalia
Tupinambis teguixin,,,species,,Animalia
Boa constrictor,,,species,,
Boa hortulana cooki,,,subspecies,,
Chironius carinatus,,,species,,Animalia
Cochlearius cochlearius,,,species,,Animalia
Corytophanes cristatus,,,species,,Animalia
Crotalus horridus,,,species,,Animalia
Drymarchon corais,,,,,Animalia
Drymarchon couperi,,,species,,Animalia
Hydrodynastes gigas,,,species,,Animalia
Lachesis muta,,,species,,Animalia
Lampropeltis getula,,,species,,Animalia
Philodryas scholti,,,species,,
Pituophis melanoleucus,,,species,,Animalia
Pseustes poecilonotus,,,species,,Animalia
Rhinella marina,,,species,,
Spilotes pullatus,,,species,,Animalia
Varanus rudicollis,,,species,,Animalia
Canis lupus,,,species,,Animalia
Rhinoclemmys annulata,,,species,,Animalia
Rhinoclemmys funerea,,,species,,Animalia
Cryptothylax greshoffii,,,species,,Animalia
Rana temporaria,,,species,,Animalia
Cryptosporidium parvum,,,species,,
Alces alces,,,species,,Metazoa
Alouatta pigra,,,species,,Animalia
Anas platyrhynchos,,,species,,
Apodemus flavicollis,,,species,,Animalia
Apodemus sylvaticus,,,species,,Animalia
Aspidites ramsayi,,,species,,Animalia
Bison bonasus,,,species,,Animalia
Capreolus capreolus,,,species,,Animalia
Cebus apella,,,species,,Animalia
Cervus elaphus,,,species,,Animalia
Chamelea gallina,,,species,,Metazoa
Cheilodactylus variegatus,,,species,,Animalia
Coturnix japonica,,,species,,Animalia
Dolichotis patagonum,,,species,,Animalia
Dugong dugon,,,species,,Animalia
Erinaceus europaeus,,,species,,Animalia
Eublepharis macularius,,,species,,Animalia
Fulica atra,,,species,,Animalia
Galictis cuja,,,species,,Animalia
Gorilla beringei,,,species,,Animalia
Gorilla gorilla,,,species,,Animalia
Hippotragus niger,,,species,,Animalia
Lagothrix lagotricha,,,species,,Animalia
Lama glama,,,species,,Animalia
Lama pacos,,,species,,Animalia
Larus dominicanus,,,species,,Animalia
Macaca sinica,,,species,,Animalia
Macropus rufus,,,species,,Animalia
Microtus arvalis,,,species,,Animalia
Muntiacus reevesi,,,species,,Animalia
Mustela putorius,,,species,,
Mustela putorius furo,,,subspecies,,Animalia
Myocastor coypus,,,species,,Animalia
Myodes glareolus,,,species,,Animalia
Mytilus edulis,,,species,,Animalia
Nyctereutes procyonoides,,,species,,Animalia
Nymphicus hollandicus,,,species,,Metazoa
Oryctolagus cuniculus,,,species,,Animalia
Panthera tigris,,,species,,Animalia
Papio hamadryas,,,species,,Animalia
Phasianus colchicus,,,species,,Animalia
Presbytis vetulus,,,species,,Animalia
Pseudechis porphyriacus,,,species,,Animalia
Pterocnemia pennata,,,species,,Animalia
Semnopithecus entellus,,,species,,Animalia
Sillago vittata,,,species,,
Trachypithecus vetulus,,,species,,Animalia
Geococcyx californiana,,,species,,
Asystasia gangetica,,,species,,
Asystasia gangetica,,,species,,Viridiplantae
Didymopa morototo,,,species,,
Tapirira guianens,,,species,,
Cyclura lewisi,,,species,,Animalia
Piratuba,,,species,,Animalia
Atractis,,,species,,Animalia
Subulura,,,species,,Animalia
Physaloptera ,,,species,,Animalia
Nyctotherus ,,,species,,Protista
Entamoeba ,,,species,,Protista
Mesorhabditis monhystera,,,species,,Animalia
Alaeuris travassosi,,,species,,Animalia
Oswaldocruzia,,,species,,Animalia
Athene cunicularia floridana,,,species,,Animalia
Cyclura nubila,,,species,,Animalia
Cubophis cantherigerus,,,species,,Animalia
Canis familiaris,,,species,,Animalia
Tyto alba,,,species,,Animalia
Pandion haliaetus,,,species,,Animalia
Caracara cheriway,,,species,,Animalia
Ardea alba,,,species,,Animalia
Pantherophis obsoletus,,,species,,Animalia
Spilogale putorius,,,species,,Animalia
Corvus ossifragus,,,species,,Animalia
Cathartes aura,,,species,,Animalia
Capra,,,species,,Animalia
Brachylophus ,,,species,,Animalia
Iguana delicatissima,,,species,,Animalia
Cyclargus thomasi bethunebakeri,,,species,,Animalia
Accipitriformes,,,species,,Animalia
Corallus hortulanus,,,species,,Animalia
Sarcoramphus papa,,,species,,Animalia
Heterospizias meridionalis,,,species,,Animalia
Harpagus bidentatus,,,species,,Animalia
Ramphastos sulfuratus,,,species,,Animalia
Crotophaga major,,,species,,Animalia
Megaceryle torquata,,,species,,Animalia
Nasua narica,,,species,,Animalia
Acacia tortuosa,,,species,,Plantae
Bourreria succulenta,,,species,,Plantae
Bursera bonairensis,,,species,,Plantae
Caesalpinia coriaria,,,species,,Plantae
Capparis flexuosa,,,species,,Plantae
Coccoloba swartzii,,,species,,Plantae
Condalia henriquezii,,,species,,Plantae
Cordia alba,,,species,,Plantae
Guapira ,,,species,,Plantae
Haematoxylum brasiletto,,,species,,Plantae
Machaonia ottonis,,,species,,Plantae
Malpighia emarginata,,,species,,Plantae
Metopium brownei,,,species,,Plantae
Randia aculeata,,,species,,Plantae
Trichilia trifolia,,,species,,Plantae
Antirhea acutata,,,species,,Plantae
Capparis odoratissima,,,species,,Plantae
Commicarpus scandens,,,species,,Plantae
Cordia curassavica,,,species,,Plantae
Erithalis fruticosa,,,species,,Plantae
Cephalocereus lanuginosus,,,species,,Plantae
Cereus repandus,,,species,,Plantae
Lemaireocereus griseus,,,species,,Plantae
Carica papaya,,,species,,Plantae
Mangifera indica,,,species,,Plantae
Ipomoea pes-caprae,,,species,,Plantae
Cordia sebestena,,,species,,Plantae
Ernodea littoralis,,,species,,Plantae
Rhizophora mangle,,,species,,Plantae
Orthoptera,,,species,,Animalia
Drymaeus multilineatus,,,species,,Animalia
Aves,,,species,,Animalia
Hamelia patens,,,species,,Plantae
Jasminum,,,species,,Plantae
Washingtonia robusta,,,species,,Plantae
Caesalpinia bonduc,,,species,,Plantae
Mammalia,,,species,,Animalia
Eugenia foetida,,,species,,Animalia
Ficus aurea,,,species,,Animalia
Scleria secans,,,species,,Plantae
Avicennia germinans,,,species,,Plantae
Schinus terebinthifolia,,,species,,Plantae
Uca ,,,species,,Animalia
Terminalia catappa,,,species,,Plantae
Pithecellobium dulce,,,species,,Plantae
Heliconia ,,,species,,Plantae
Guilandina bonduc,,,species,,Plantae
Hibiscus,,,species,,Plantae
Orchis,,,species,,Plantae
Impatiens,,,species,,Plantae
Nasturtium,,,species,,Plantae
Rosa,,,species,,Plantae
Bauhinia  blakeana,,,species,,Plantae
Tradescantia,,,species,,Plantae
Brassica,,,species,,Plantae
Lactuca,,,species,,Plantae
Rumex,,,species,,Plantae
Beta,,,species,,Plantae
Squamata,,,species,,Animalia
Insecta,,,species,,Animalia
Veronicella,,,species,,Animalia
Pseudosphinx tetrio,,,species,,Animalia
